"ts";"val"
"2019-12-28T01:00:57.907";0.0
"2019-12-28T01:01:58.700";0.0
"2019-12-28T01:03:10.707";0.0
"2019-12-28T01:04:11.550";0.0
"2019-12-28T01:05:12.388";0.0
"2019-12-28T01:06:13.232";0.0
"2019-12-28T01:07:14.069";0.0
"2019-12-28T01:08:15.193";0.0
"2019-12-28T01:09:15.743";0.0
"2019-12-28T01:10:16.585";0.0
"2019-12-28T01:11:17.418";0.0
"2019-12-28T01:12:18.263";0.0
"2019-12-28T01:13:19.145";0.0
"2019-12-28T01:14:19.996";0.0
"2019-12-28T01:15:20.848";0.0
"2019-12-28T01:16:21.709";0.0
"2019-12-28T01:17:22.614";0.0
"2019-12-28T01:18:23.443";0.0
"2019-12-28T01:19:24.304";0.0
"2019-12-28T01:20:25.209";0.0
"2019-12-28T01:21:26.048";0.0
"2019-12-28T01:22:26.933";0.0
"2019-12-28T01:23:27.785";0.0
"2019-12-28T01:25:14.194";0.0
"2019-12-28T01:26:14.962";0.0
"2019-12-28T01:27:15.722";0.0
"2019-12-28T01:28:16.489";0.0
"2019-12-28T01:29:54.871";0.0
"2019-12-28T01:30:55.699";0.0
"2019-12-28T01:31:56.533";0.0
"2019-12-28T01:32:57.391";0.0
"2019-12-28T01:33:58.286";0.0
"2019-12-28T01:34:59.176";0.0
"2019-12-28T01:36:06.142";0.0
"2019-12-28T01:37:07.035";0.0
"2019-12-28T01:38:07.927";0.0
"2019-12-28T01:39:08.816";0.0
"2019-12-28T01:40:09.705";0.0
"2019-12-28T01:41:10.599";0.0
"2019-12-28T01:42:11.485";0.0
"2019-12-28T01:43:12.393";0.0
"2019-12-28T01:44:13.552";1279.0
"2019-12-28T01:45:14.683";1354.0
"2019-12-28T01:46:15.388";235.0
"2019-12-28T01:47:16.263";295.0
"2019-12-28T01:48:17.150";432.0
"2019-12-28T01:49:18.037";122.0
"2019-12-28T01:50:18.947";109.0
"2019-12-28T01:51:19.825";78.0
"2019-12-28T01:52:20.719";57.0
"2019-12-28T01:53:21.633";65.0
"2019-12-28T01:54:22.533";64.0
"2019-12-28T01:55:23.381";93.0
"2019-12-28T01:56:24.952";73.0
"2019-12-28T01:57:25.163";51.0
"2019-12-28T01:58:26.056";57.0
"2019-12-28T01:59:26.950";51.0
"2019-12-28T02:00:27.840";59.0
"2019-12-28T02:01:28.733";47.0
"2019-12-28T02:02:29.631";137.0
"2019-12-28T02:03:30.524";51.0
"2019-12-28T02:04:31.421";127.0
"2019-12-28T02:05:32.297";180.0
"2019-12-28T02:06:33.190";89.0
"2019-12-28T02:07:34.100";82.0
"2019-12-28T02:08:34.979";131.0
"2019-12-28T02:09:35.868";108.0
"2019-12-28T02:10:36.757";14.0
"2019-12-28T02:11:37.646";42.0
"2019-12-28T02:12:38.540";86.0
"2019-12-28T02:13:39.436";79.0
"2019-12-28T02:14:40.324";137.0
"2019-12-28T02:15:41.218";125.0
"2019-12-28T02:16:42.104";83.0
"2019-12-28T02:17:42.996";35.0
"2019-12-28T02:18:43.885";143.0
"2019-12-28T02:19:44.778";16.0
"2019-12-28T02:20:45.668";65.0
"2019-12-28T02:21:46.562";80.0
"2019-12-28T02:22:48.852";78.0
"2019-12-28T02:23:48.584";18.0
"2019-12-28T02:24:49.227";51.0
"2019-12-28T02:25:50.240";71.0
"2019-12-28T02:26:50.999";70.0
"2019-12-28T02:27:51.891";0.0
"2019-12-28T02:28:52.780";162.0
"2019-12-28T02:29:53.660";0.0
"2019-12-28T02:30:54.813";80.0
"2019-12-28T02:31:55.415";64.0
"2019-12-28T02:32:56.305";18.0
"2019-12-28T02:33:57.229";17.0
"2019-12-28T02:34:58.076";33.0
"2019-12-28T02:35:58.966";23.0
"2019-12-28T02:36:59.907";44.0
"2019-12-28T02:38:00.736";36.0
"2019-12-28T02:39:01.624";0.0
"2019-12-28T02:40:02.517";0.0
"2019-12-28T02:41:03.406";0.0
"2019-12-28T02:42:04.286";0.0
"2019-12-28T02:43:05.191";0.0
"2019-12-28T02:44:06.055";0.0
"2019-12-28T02:45:06.944";0.0
"2019-12-28T02:46:07.828";0.0
"2019-12-28T02:47:08.714";0.0
"2019-12-28T02:48:09.681";0.0
"2019-12-28T02:49:10.773";29.0
"2019-12-28T02:50:11.659";0.0
"2019-12-28T02:51:12.548";0.0
"2019-12-28T02:52:13.432";0.0
"2019-12-28T02:53:14.318";0.0
"2019-12-28T02:54:15.203";0.0
"2019-12-28T02:55:16.084";0.0
"2019-12-28T02:56:16.973";0.0
"2019-12-28T02:57:17.890";0.0
"2019-12-28T02:58:18.751";0.0
"2019-12-28T02:59:19.643";0.0
"2019-12-28T03:00:20.534";0.0
"2019-12-28T03:01:21.425";0.0
"2019-12-28T03:02:22.306";0.0
"2019-12-28T03:03:23.189";0.0
"2019-12-28T03:04:24.071";0.0
"2019-12-28T03:05:25.904";0.0
"2019-12-28T03:06:27.446";0.0
"2019-12-28T03:25:04.437";0.0
"2019-12-28T03:26:05.330";0.0
"2019-12-28T03:27:06.220";0.0
"2019-12-28T04:07:05.382";0.0
"2019-12-28T04:09:13.787";0.0
"2019-12-28T04:11:11.422";0.0
"2019-12-28T04:12:22.395";0.0
"2019-12-28T04:14:07.823";0.0
"2019-12-28T04:15:12.653";0.0
"2019-12-28T04:16:13.603";0.0
"2019-12-28T04:17:14.423";841.0
"2019-12-28T04:18:15.439";1287.0
"2019-12-28T04:19:16.239";1304.0
"2019-12-28T04:20:17.132";1260.0
"2019-12-28T04:21:17.987";1423.0
"2019-12-28T04:22:18.865";1418.0
"2019-12-28T04:23:19.746";1474.0
"2019-12-28T04:24:20.635";1393.0
"2019-12-28T04:25:21.522";1219.0
"2019-12-28T04:26:22.407";658.0
"2019-12-28T04:27:23.299";694.0
"2019-12-28T04:28:24.276";656.0
"2019-12-28T04:29:25.093";640.0
"2019-12-28T04:30:25.966";567.0
"2019-12-28T04:31:26.851";595.0
"2019-12-28T04:32:27.761";564.0
"2019-12-28T04:33:28.642";560.0
"2019-12-28T04:34:29.513";529.0
"2019-12-28T04:35:30.406";506.0
"2019-12-28T04:36:31.299";503.0
"2019-12-28T04:37:32.181";507.0
"2019-12-28T04:38:33.063";511.0
"2019-12-28T04:39:33.963";496.0
"2019-12-28T04:40:34.843";493.0
"2019-12-28T04:41:35.729";559.0
"2019-12-28T04:43:22.368";815.0
"2019-12-28T04:44:26.263";637.0
"2019-12-28T04:45:27.153";591.0
"2019-12-28T04:46:28.043";578.0
"2019-12-28T04:47:28.952";494.0
"2019-12-28T04:48:29.833";535.0
"2019-12-28T04:49:30.733";509.0
"2019-12-28T04:50:31.628";576.0
"2019-12-28T04:51:32.473";531.0
"2019-12-28T04:52:33.402";407.0
"2019-12-28T04:53:34.253";537.0
"2019-12-28T04:54:38.278";398.0
"2019-12-28T04:56:31.622";384.0
"2019-12-28T04:57:32.373";394.0
"2019-12-28T04:59:29.995";400.0
"2019-12-28T05:00:31.080";405.0
"2019-12-28T05:01:35.849";402.0
"2019-12-28T05:02:36.328";400.0
"2019-12-28T05:03:35.413";391.0
"2019-12-28T05:04:38.129";385.0
"2019-12-28T05:05:36.786";373.0
"2019-12-28T05:06:37.703";348.0
"2019-12-28T05:07:38.458";331.0
"2019-12-28T05:08:39.254";268.0
"2019-12-28T05:09:39.990";255.0
"2019-12-28T05:10:49.814";245.0
"2019-12-28T05:11:52.976";256.0
"2019-12-28T05:13:12.205";249.0
"2019-12-28T05:14:11.171";261.0
"2019-12-28T05:15:15.913";283.0
"2019-12-28T05:16:16.184";274.0
"2019-12-28T05:18:10.503";1833.0
"2019-12-28T05:19:16.973";1797.0
"2019-12-28T05:21:11.991";1699.0
"2019-12-28T05:22:12.822";1521.0
"2019-12-28T05:23:13.729";1507.0
"2019-12-28T05:24:14.622";778.0
"2019-12-28T05:25:15.511";1127.0
"2019-12-28T05:26:16.391";1495.0
"2019-12-28T05:27:17.271";1741.0
"2019-12-28T05:29:07.816";1474.0
"2019-12-28T05:30:08.528";1527.0
"2019-12-28T05:31:09.299";1941.0
"2019-12-28T05:32:10.046";2020.0
"2019-12-28T05:33:10.805";2080.0
"2019-12-28T05:34:11.567";1959.0
"2019-12-28T05:35:12.375";2165.0
"2019-12-28T05:36:13.091";1584.0
"2019-12-28T05:37:13.882";1456.0
"2019-12-28T05:38:14.612";1318.0
"2019-12-28T05:39:15.398";1189.0
"2019-12-28T05:40:16.193";1360.0
"2019-12-28T05:41:16.930";1364.0
"2019-12-28T05:42:17.682";1283.0
"2019-12-28T05:43:18.469";1407.0
"2019-12-28T05:44:19.208";1387.0
"2019-12-28T05:45:28.282";1381.0
"2019-12-28T05:46:29.093";1439.0
"2019-12-28T05:47:29.983";1456.0
"2019-12-28T05:48:30.913";1445.0
"2019-12-28T05:49:31.802";1429.0
"2019-12-28T05:50:32.688";1409.0
"2019-12-28T05:51:33.568";1390.0
"2019-12-28T05:52:34.467";1409.0
"2019-12-28T05:53:35.357";1265.0
"2019-12-28T05:54:36.273";1349.0
"2019-12-28T05:56:22.686";1362.0
"2019-12-28T05:57:23.480";1309.0
"2019-12-28T05:58:24.229";1146.0
"2019-12-28T05:59:25.001";1280.0
"2019-12-28T06:00:25.772";1238.0
"2019-12-28T06:01:26.519";1196.0
"2019-12-28T06:02:27.279";1198.0
"2019-12-28T06:03:28.039";1263.0
"2019-12-28T06:04:28.888";1253.0
"2019-12-28T06:05:29.588";1168.0
"2019-12-28T06:06:30.359";1151.0
"2019-12-28T06:07:31.119";1282.0
"2019-12-28T06:09:17.559";107.0
"2019-12-28T06:10:18.433";64.0
"2019-12-28T06:11:19.360";17.0
"2019-12-28T06:12:20.244";19.0
"2019-12-28T06:13:21.139";98.0
"2019-12-28T06:14:22.040";51.0
"2019-12-28T06:16:14.592";134.0
"2019-12-28T06:17:15.334";83.0
"2019-12-28T06:18:16.078";87.0
"2019-12-28T06:19:16.843";208.0
"2019-12-28T06:20:17.639";210.0
"2019-12-28T06:21:40.843";165.0
"2019-12-28T06:22:44.039";117.0
"2019-12-28T06:23:42.679";115.0
"2019-12-28T06:24:43.479";70.0
"2019-12-28T06:25:44.369";66.0
"2019-12-28T06:26:45.268";60.0
"2019-12-28T06:27:46.170";34.0
"2019-12-28T06:28:47.135";23.0
"2019-12-28T06:29:47.952";0.0
"2019-12-28T06:30:48.919";0.0
"2019-12-28T06:31:49.798";0.0
"2019-12-28T06:32:50.678";0.0
"2019-12-28T06:33:51.606";0.0
"2019-12-28T06:34:52.469";363.0
"2019-12-28T06:35:53.368";0.0
"2019-12-28T06:36:54.278";0.0
"2019-12-28T06:37:55.158";0.0
"2019-12-28T06:38:56.038";0.0
"2019-12-28T06:39:56.948";0.0
"2019-12-28T06:40:57.808";0.0
"2019-12-28T06:41:58.718";0.0
"2019-12-28T06:42:59.632";0.0
"2019-12-28T06:44:00.404";0.0
"2019-12-28T06:45:35.177";0.0
"2019-12-28T06:46:49.133";0.0
"2019-12-28T06:48:36.054";0.0
"2019-12-28T06:49:36.773";0.0
"2019-12-28T06:50:37.596";0.0
"2019-12-28T06:51:38.288";0.0
"2019-12-28T06:53:16.410";0.0
"2019-12-28T06:54:26.864";0.0
"2019-12-28T06:56:18.491";0.0
"2019-12-28T06:57:19.321";0.0
"2019-12-28T06:58:20.071";0.0
"2019-12-28T06:59:20.761";0.0
"2019-12-28T07:00:21.496";0.0
"2019-12-28T07:01:22.274";0.0
"2019-12-28T07:02:23.047";0.0
"2019-12-28T07:03:23.808";0.0
"2019-12-28T07:04:24.683";0.0
"2019-12-28T07:05:25.360";0.0
"2019-12-28T07:06:26.087";0.0
"2019-12-28T07:07:26.902";0.0
"2019-12-28T07:08:27.712";0.0
"2019-12-28T07:09:28.441";0.0
"2019-12-28T07:10:29.193";0.0
"2019-12-28T07:11:29.900";0.0
"2019-12-28T07:12:30.708";0.0
"2019-12-28T07:13:31.505";0.0
"2019-12-28T07:14:32.216";0.0
"2019-12-28T07:18:40.294";0.0
"2019-12-28T07:19:40.865";0.0
"2019-12-28T07:20:41.600";0.0
"2019-12-28T07:21:42.431";0.0
"2019-12-28T07:22:43.177";0.0
"2019-12-28T07:23:44.058";0.0
"2019-12-28T07:24:44.697";0.0
"2019-12-28T07:25:45.583";0.0
"2019-12-28T07:26:46.279";0.0
"2019-12-28T07:27:46.983";0.0
"2019-12-28T07:28:47.774";0.0
"2019-12-28T07:29:48.538";0.0
"2019-12-28T07:30:52.294";0.0
"2019-12-28T07:32:50.756";0.0
"2019-12-28T07:33:53.596";0.0
"2019-12-28T07:34:52.318";0.0
"2019-12-28T07:35:53.086";0.0
"2019-12-28T07:36:53.850";0.0
"2019-12-28T07:37:57.669";0.0
"2019-12-28T07:39:25.974";0.0
"2019-12-28T07:40:26.710";0.0
"2019-12-28T07:41:27.818";0.0
"2019-12-28T07:42:28.432";0.0
"2019-12-28T07:43:29.367";0.0
"2019-12-28T07:44:30.278";0.0
"2019-12-28T07:45:31.108";0.0
"2019-12-28T07:46:31.968";0.0
"2019-12-28T07:48:22.931";0.0
"2019-12-28T07:50:09.803";0.0
"2019-12-28T07:51:10.603";0.0
"2019-12-28T07:52:30.890";0.0
"2019-12-28T07:54:14.506";0.0
"2019-12-28T07:55:14.766";0.0
"2019-12-28T07:56:18.228";0.0
"2019-12-28T07:57:36.944";0.0
"2019-12-28T07:58:37.602";0.0
"2019-12-28T07:59:38.358";0.0
"2019-12-28T08:00:39.160";0.0
"2019-12-28T08:01:39.952";0.0
"2019-12-28T08:02:40.763";0.0
"2019-12-28T08:03:41.536";0.0
"2019-12-28T08:04:42.515";0.0
"2019-12-28T08:05:42.932";0.0
"2019-12-28T08:07:07.333";0.0
"2019-12-28T08:08:10.968";0.0
"2019-12-28T08:09:11.743";0.0
"2019-12-28T08:10:12.471";0.0
"2019-12-28T08:11:13.241";0.0
"2019-12-28T08:12:13.947";0.0
"2019-12-28T08:13:14.764";0.0
"2019-12-28T08:14:15.446";0.0
"2019-12-28T08:15:16.238";0.0
"2019-12-28T08:16:16.978";0.0
"2019-12-28T08:17:17.767";0.0
"2019-12-28T08:18:21.382";0.0
"2019-12-28T08:19:25.437";0.0
"2019-12-28T08:20:23.914";0.0
"2019-12-28T10:50:24.102";0.0
"2019-12-28T10:51:24.642";0.0
"2019-12-28T10:52:25.417";0.0
"2019-12-28T10:53:26.132";0.0
"2019-12-28T10:54:26.937";0.0
"2019-12-28T10:55:27.728";0.0
"2019-12-28T10:56:28.478";0.0
"2019-12-28T10:57:29.273";0.0
"2019-12-28T10:58:29.953";0.0
"2019-12-28T10:59:30.693";0.0
"2019-12-28T11:00:31.477";0.0
"2019-12-28T11:01:32.247";0.0
"2019-12-28T11:02:32.988";0.0
"2019-12-28T11:03:33.778";0.0
"2019-12-28T11:04:34.518";0.0
"2019-12-28T11:05:35.288";0.0
"2019-12-28T11:06:36.037";0.0
"2019-12-28T11:07:36.873";0.0
"2019-12-28T11:08:37.577";0.0
"2019-12-28T11:09:38.348";0.0
"2019-12-28T11:10:39.177";0.0
"2019-12-28T11:11:39.867";0.0
"2019-12-28T11:12:40.643";0.0
"2019-12-28T11:13:41.463";0.0
"2019-12-28T11:14:42.227";0.0
"2019-12-28T11:15:42.993";0.0
"2019-12-28T11:16:43.748";0.0
"2019-12-28T11:17:44.457";0.0
"2019-12-28T11:18:45.282";0.0
"2019-12-28T11:19:45.987";0.0
"2019-12-28T11:20:46.753";0.0
"2019-12-28T11:21:47.558";0.0
"2019-12-28T11:22:48.322";0.0
"2019-12-28T11:23:48.577";0.0
"2019-12-28T11:24:48.887";0.0
"2019-12-28T11:25:49.717";0.0
"2019-12-28T11:27:31.274";0.0
"2019-12-28T11:28:32.164";0.0
"2019-12-28T11:29:33.047";0.0
"2019-12-28T11:30:33.938";0.0
"2019-12-28T11:32:17.333";0.0
"2019-12-28T11:33:18.096";0.0
"2019-12-28T11:34:26.093";0.0
"2019-12-28T11:35:26.984";0.0
"2019-12-28T11:36:27.876";0.0
"2019-12-28T11:37:28.761";0.0
"2019-12-28T11:38:29.652";0.0
"2019-12-28T11:39:30.543";0.0
"2019-12-28T11:40:31.430";0.0
"2019-12-28T11:41:32.320";0.0
"2019-12-28T11:42:33.207";0.0
"2019-12-28T11:43:34.097";0.0
"2019-12-28T11:44:34.987";0.0
"2019-12-28T11:45:35.875";0.0
"2019-12-28T11:46:36.765";0.0
"2019-12-28T11:47:37.655";0.0
"2019-12-28T11:48:58.723";0.0
"2019-12-28T11:49:59.497";0.0
"2019-12-28T11:51:00.254";0.0
"2019-12-28T11:52:01.020";0.0
"2019-12-28T11:53:01.785";0.0
"2019-12-28T11:54:02.551";0.0
"2019-12-28T11:55:03.318";0.0
"2019-12-28T11:56:04.080";0.0
"2019-12-28T11:57:04.846";0.0
"2019-12-28T11:58:05.612";0.0
"2019-12-28T11:59:06.375";0.0
"2019-12-28T12:00:07.157";0.0
"2019-12-28T12:01:07.906";0.0
"2019-12-28T12:02:08.668";0.0
"2019-12-28T12:03:09.435";0.0
"2019-12-28T12:04:10.200";0.0
"2019-12-28T12:05:10.967";0.0
"2019-12-28T12:06:11.727";0.0
"2019-12-28T12:07:12.492";0.0
"2019-12-28T12:08:13.258";0.0
"2019-12-28T12:09:14.023";0.0
"2019-12-28T12:10:14.806";0.0
"2019-12-28T12:11:15.557";0.0
"2019-12-28T12:12:16.320";0.0
"2019-12-28T12:13:17.083";0.0
"2019-12-28T12:14:17.846";0.0
"2019-12-28T12:15:18.611";0.0
"2019-12-28T12:16:19.376";0.0
"2019-12-28T12:17:20.143";0.0
"2019-12-28T12:18:20.906";0.0
"2019-12-28T12:19:21.672";0.0
"2019-12-28T12:20:22.436";0.0
"2019-12-28T12:21:23.202";0.0
"2019-12-28T12:22:23.969";0.0
"2019-12-28T12:23:24.736";0.0
"2019-12-28T12:24:25.500";0.0
"2019-12-28T12:25:26.265";0.0
"2019-12-28T12:26:27.032";0.0
"2019-12-28T12:27:27.797";0.0
"2019-12-28T12:28:28.563";0.0
"2019-12-28T12:29:29.330";0.0
"2019-12-28T12:30:30.092";0.0
"2019-12-28T12:31:30.855";0.0
"2019-12-28T12:32:31.619";0.0
"2019-12-28T12:33:32.384";0.0
"2019-12-28T12:34:33.147";0.0
"2019-12-28T12:35:33.913";0.0
"2019-12-28T12:36:34.678";0.0
"2019-12-28T12:37:35.442";0.0
"2019-12-28T12:38:36.212";0.0
"2019-12-28T12:39:36.976";0.0
"2019-12-28T12:40:37.741";0.0
"2019-12-28T12:41:38.509";0.0
"2019-12-28T12:42:39.276";0.0
"2019-12-28T12:43:40.037";0.0
"2019-12-28T12:44:40.801";0.0
"2019-12-28T12:45:41.566";0.0
"2019-12-28T12:46:42.332";0.0
"2019-12-28T12:47:43.102";0.0
"2019-12-28T12:48:43.866";0.0
"2019-12-28T12:49:44.629";0.0
"2019-12-28T12:50:45.392";0.0
"2019-12-28T12:51:46.156";0.0
"2019-12-28T12:52:46.924";0.0
"2019-12-28T12:53:47.686";0.0
"2019-12-28T12:54:48.454";0.0
"2019-12-28T12:55:49.213";0.0
"2019-12-28T12:56:49.981";0.0
"2019-12-28T12:57:50.747";0.0
"2019-12-28T12:58:51.511";0.0
"2019-12-28T12:59:52.280";0.0
"2019-12-28T13:00:53.041";0.0
"2019-12-28T13:01:53.807";0.0
"2019-12-28T13:02:54.571";0.0
"2019-12-28T13:03:55.337";0.0
"2019-12-28T13:04:56.103";0.0
"2019-12-28T13:05:56.868";0.0
"2019-12-28T13:06:57.632";0.0
"2019-12-28T13:07:58.399";0.0
"2019-12-28T13:08:59.164";0.0
"2019-12-28T13:09:59.926";0.0
"2019-12-28T13:11:00.692";0.0
"2019-12-28T13:12:01.459";0.0
"2019-12-28T13:13:02.224";0.0
"2019-12-28T13:14:02.987";0.0
"2019-12-28T13:15:03.753";0.0
"2019-12-28T13:16:04.517";0.0
"2019-12-28T13:17:05.282";0.0
"2019-12-28T13:18:06.047";0.0
"2019-12-28T13:19:06.810";0.0
"2019-12-28T13:20:07.574";0.0
"2019-12-28T13:21:08.340";0.0
"2019-12-28T13:22:09.103";0.0
"2019-12-28T13:23:09.867";0.0
"2019-12-28T13:24:10.634";0.0
"2019-12-28T13:25:11.398";0.0
"2019-12-28T13:26:12.160";0.0
"2019-12-28T13:27:12.925";0.0
"2019-12-28T13:28:13.691";0.0
"2019-12-28T13:29:14.459";0.0
"2019-12-28T13:30:15.221";0.0
"2019-12-28T13:31:15.985";0.0
"2019-12-28T13:32:16.751";0.0
"2019-12-28T13:33:17.519";0.0
"2019-12-28T13:34:18.282";0.0
"2019-12-28T13:35:19.045";0.0
"2019-12-28T13:36:19.809";0.0
"2019-12-28T13:37:20.574";0.0
"2019-12-28T13:38:21.338";0.0
"2019-12-28T13:39:22.105";0.0
"2019-12-28T13:40:22.869";0.0
"2019-12-28T13:41:23.636";0.0
"2019-12-28T13:42:24.398";0.0
"2019-12-28T13:43:25.163";0.0
"2019-12-28T13:44:25.938";0.0
"2019-12-28T13:45:26.692";0.0
"2019-12-28T13:46:27.459";0.0
"2019-12-28T13:47:28.226";0.0
"2019-12-28T13:48:28.989";0.0
"2019-12-28T13:49:29.762";0.0
"2019-12-28T13:50:30.519";0.0
"2019-12-28T13:51:31.285";0.0
"2019-12-28T13:52:32.071";0.0
"2019-12-28T13:53:32.814";0.0
"2019-12-28T13:54:33.580";0.0
"2019-12-28T13:55:34.343";0.0
"2019-12-28T13:56:35.107";0.0
"2019-12-28T13:57:35.873";0.0
"2019-12-28T13:58:36.637";0.0
"2019-12-28T13:59:37.404";0.0
"2019-12-28T14:00:38.173";0.0
"2019-12-28T14:01:38.935";0.0
"2019-12-28T14:02:39.699";0.0
"2019-12-28T14:03:40.465";0.0
"2019-12-28T14:04:41.230";0.0
"2019-12-28T14:05:42.000";0.0
"2019-12-28T14:06:42.761";0.0
"2019-12-28T14:07:43.524";0.0
"2019-12-28T14:08:44.292";0.0
"2019-12-28T14:09:45.057";0.0
"2019-12-28T14:10:45.822";0.0
"2019-12-28T14:11:46.585";0.0
"2019-12-28T14:12:47.350";0.0
"2019-12-28T14:13:48.115";0.0
"2019-12-28T14:14:48.880";0.0
"2019-12-28T14:15:49.644";0.0
"2019-12-28T14:16:50.409";0.0
"2019-12-28T14:17:51.173";0.0
"2019-12-28T14:18:51.936";0.0
"2019-12-28T14:19:52.700";0.0
"2019-12-28T14:20:53.467";0.0
"2019-12-28T14:21:54.233";0.0
"2019-12-28T14:22:54.998";0.0
"2019-12-28T14:23:55.763";0.0
"2019-12-28T14:24:56.525";0.0
"2019-12-28T14:25:57.292";0.0
"2019-12-28T14:26:58.057";0.0
"2019-12-28T14:27:58.822";0.0
"2019-12-28T14:28:59.588";0.0
"2019-12-28T14:30:00.352";0.0
"2019-12-28T14:31:01.119";0.0
"2019-12-28T14:32:01.886";0.0
"2019-12-28T14:33:02.649";0.0
"2019-12-28T14:34:03.416";0.0
"2019-12-28T14:35:04.179";0.0
"2019-12-28T14:36:04.943";0.0
"2019-12-28T14:37:05.709";0.0
"2019-12-28T14:38:06.473";0.0
"2019-12-28T14:39:07.236";0.0
"2019-12-28T14:40:08.023";0.0
"2019-12-28T14:41:08.767";0.0
"2019-12-28T14:42:09.538";0.0
"2019-12-28T14:43:10.299";0.0
"2019-12-28T14:44:11.063";0.0
"2019-12-28T14:45:11.827";0.0
"2019-12-28T14:46:12.593";0.0
"2019-12-28T14:47:13.361";0.0
"2019-12-28T14:48:14.124";0.0
"2019-12-28T14:49:14.887";0.0
"2019-12-28T14:50:15.658";0.0
"2019-12-28T14:51:16.415";0.0
"2019-12-28T14:52:17.181";0.0
"2019-12-28T14:53:17.962";0.0
"2019-12-28T14:54:18.713";0.0
"2019-12-28T14:55:19.475";0.0
"2019-12-28T14:56:20.242";0.0
"2019-12-28T14:57:21.007";0.0
"2019-12-28T14:58:21.765";0.0
"2019-12-28T14:59:22.531";0.0
"2019-12-28T15:00:23.297";0.0
"2019-12-28T15:01:24.060";0.0
"2019-12-28T15:02:24.825";0.0
"2019-12-28T15:03:25.591";0.0
"2019-12-28T15:04:26.357";0.0
"2019-12-28T15:05:27.120";0.0
"2019-12-28T15:06:27.885";0.0
"2019-12-28T15:07:28.652";0.0
"2019-12-28T15:08:29.429";0.0
"2019-12-28T15:09:30.182";0.0
"2019-12-28T15:10:30.944";0.0
"2019-12-28T15:11:31.710";0.0
"2019-12-28T15:12:32.475";0.0
"2019-12-28T15:13:33.241";0.0
"2019-12-28T15:14:34.005";0.0
"2019-12-28T15:15:34.769";0.0
"2019-12-28T15:16:35.533";0.0
"2019-12-28T15:17:36.296";0.0
"2019-12-28T15:18:37.060";0.0
"2019-12-28T15:19:37.825";0.0
"2019-12-28T15:20:38.588";0.0
"2019-12-28T15:21:39.352";0.0
"2019-12-28T15:22:40.119";0.0
"2019-12-28T15:23:40.881";0.0
"2019-12-28T15:24:41.646";0.0
"2019-12-28T15:25:42.413";0.0
"2019-12-28T15:26:43.177";0.0
"2019-12-28T15:27:43.943";0.0
"2019-12-28T15:28:44.707";0.0
"2019-12-28T15:29:45.472";0.0
"2019-12-28T15:30:46.238";0.0
"2019-12-28T15:31:47.002";0.0
"2019-12-28T15:32:47.766";0.0
"2019-12-28T15:33:48.530";0.0
"2019-12-28T15:34:49.292";0.0
"2019-12-28T15:35:50.058";0.0
"2019-12-28T15:36:50.823";0.0
"2019-12-28T15:37:51.583";0.0
"2019-12-28T15:38:52.346";0.0
"2019-12-28T15:39:53.110";0.0
"2019-12-28T15:40:53.875";0.0
"2019-12-28T15:41:54.642";0.0
"2019-12-28T15:42:55.406";0.0
"2019-12-28T15:43:56.166";0.0
"2019-12-28T15:44:56.932";0.0
"2019-12-28T15:45:57.697";0.0
"2019-12-28T15:46:58.462";0.0
"2019-12-28T15:47:59.230";0.0
"2019-12-28T15:48:59.990";0.0
"2019-12-28T15:50:00.756";0.0
"2019-12-28T15:51:01.525";0.0
"2019-12-28T15:52:04.447";0.0
"2019-12-28T15:53:24.485";0.0
"2019-12-28T15:54:25.249";0.0
"2019-12-28T15:55:26.015";0.0
"2019-12-28T15:56:26.785";0.0
"2019-12-28T15:57:27.548";0.0
"2019-12-28T15:58:28.315";0.0
"2019-12-28T15:59:29.081";0.0
"2019-12-28T16:00:29.844";0.0
"2019-12-28T16:01:30.609";0.0
"2019-12-28T16:02:31.370";0.0
"2019-12-28T16:03:32.136";0.0
"2019-12-28T16:04:32.899";0.0
"2019-12-28T16:05:33.664";0.0
"2019-12-28T16:06:34.434";0.0
"2019-12-28T16:07:35.205";0.0
"2019-12-28T16:08:35.958";0.0
"2019-12-28T16:09:36.725";0.0
"2019-12-28T16:10:37.490";0.0
"2019-12-28T16:11:38.255";0.0
"2019-12-28T16:12:39.021";0.0
"2019-12-28T16:13:39.783";0.0
"2019-12-28T16:14:40.548";0.0
"2019-12-28T16:15:41.312";0.0
"2019-12-28T16:16:42.080";0.0
"2019-12-28T16:17:42.840";0.0
"2019-12-28T16:18:43.604";0.0
"2019-12-28T16:19:44.369";0.0
"2019-12-28T16:20:45.133";0.0
"2019-12-28T16:21:45.905";0.0
"2019-12-28T16:22:46.660";0.0
"2019-12-28T16:23:47.426";0.0
"2019-12-28T16:24:48.189";0.0
"2019-12-28T16:25:48.955";0.0
"2019-12-28T16:26:49.717";0.0
"2019-12-28T16:27:50.481";0.0
"2019-12-28T16:28:51.244";0.0
"2019-12-28T16:29:52.010";0.0
"2019-12-28T16:30:52.775";0.0
"2019-12-28T16:31:53.567";0.0
"2019-12-28T16:32:54.301";0.0
"2019-12-28T16:33:55.067";0.0
"2019-12-28T16:34:55.830";0.0
"2019-12-28T16:35:56.594";0.0
"2019-12-28T16:36:57.363";0.0
"2019-12-28T16:37:58.126";0.0
"2019-12-28T16:38:58.890";0.0
"2019-12-28T16:39:59.655";0.0
"2019-12-28T16:41:00.420";0.0
"2019-12-28T16:42:01.185";0.0
"2019-12-28T16:43:01.950";0.0
"2019-12-28T16:44:02.715";0.0
"2019-12-28T16:45:03.480";0.0
"2019-12-28T16:46:04.250";0.0
"2019-12-28T16:47:05.011";0.0
"2019-12-28T16:48:05.773";0.0
"2019-12-28T16:49:06.549";0.0
"2019-12-28T16:50:07.300";0.0
"2019-12-28T16:51:08.064";0.0
"2019-12-28T16:52:08.829";0.0
"2019-12-28T16:53:09.590";0.0
"2019-12-28T16:54:10.354";0.0
"2019-12-28T16:55:11.121";0.0
"2019-12-28T16:56:11.883";0.0
"2019-12-28T16:57:12.649";0.0
"2019-12-28T16:58:13.412";0.0
"2019-12-28T16:59:14.177";0.0
"2019-12-28T17:00:14.948";0.0
"2019-12-28T17:01:15.713";0.0
"2019-12-28T17:02:16.470";0.0
"2019-12-28T17:03:17.233";0.0
"2019-12-28T17:04:18.001";0.0
"2019-12-28T17:05:18.763";0.0
"2019-12-28T17:06:19.527";0.0
"2019-12-28T17:07:20.290";0.0
"2019-12-28T17:08:21.056";0.0
"2019-12-28T17:09:21.821";0.0
"2019-12-28T17:10:22.613";0.0
"2019-12-28T17:11:23.349";0.0
"2019-12-28T17:12:24.113";0.0
"2019-12-28T17:13:24.877";0.0
"2019-12-28T17:14:25.640";0.0
"2019-12-28T17:15:26.407";0.0
"2019-12-28T17:16:27.172";0.0
"2019-12-28T17:17:29.031";0.0
"2019-12-28T17:18:32.835";0.0
"2019-12-28T17:19:33.617";0.0
"2019-12-28T17:20:34.363";0.0
"2019-12-28T17:21:35.127";0.0
"2019-12-28T17:22:35.892";0.0
"2019-12-28T17:23:36.654";0.0
"2019-12-28T17:24:37.417";0.0
"2019-12-28T17:25:38.187";0.0
"2019-12-28T17:26:38.945";0.0
"2019-12-28T17:27:39.709";0.0
"2019-12-28T17:28:40.473";0.0
"2019-12-28T17:29:41.252";0.0
"2019-12-28T17:30:42.003";0.0
"2019-12-28T17:31:42.767";0.0
"2019-12-28T17:32:43.531";0.0
"2019-12-28T17:33:44.305";0.0
"2019-12-28T17:34:45.062";0.0
"2019-12-28T17:35:45.828";0.0
"2019-12-28T17:36:46.612";0.0
"2019-12-28T17:37:47.358";0.0
"2019-12-28T17:38:48.124";0.0
"2019-12-28T17:39:48.887";0.0
"2019-12-28T17:40:49.650";0.0
"2019-12-28T17:41:50.415";0.0
"2019-12-28T17:42:51.179";0.0
"2019-12-28T17:43:51.946";0.0
"2019-12-28T17:44:52.713";0.0
"2019-12-28T17:45:53.478";0.0
"2019-12-28T17:46:54.243";0.0
"2019-12-28T17:47:55.010";0.0
"2019-12-28T17:48:55.772";0.0
"2019-12-28T17:49:56.542";0.0
"2019-12-28T17:50:57.312";0.0
"2019-12-28T17:51:58.065";0.0
"2019-12-28T17:52:58.829";0.0
"2019-12-28T17:53:59.597";0.0
"2019-12-28T17:55:00.366";0.0
"2019-12-28T17:56:01.124";0.0
"2019-12-28T17:57:01.891";0.0
"2019-12-28T17:58:02.650";0.0
"2019-12-28T17:59:03.413";0.0
"2019-12-28T18:00:04.179";0.0
"2019-12-28T18:01:04.943";0.0
"2019-12-28T18:02:05.705";0.0
"2019-12-28T18:03:06.471";0.0
"2019-12-28T18:04:07.237";0.0
"2019-12-28T18:05:08.002";0.0
"2019-12-28T18:06:08.766";0.0
"2019-12-28T18:07:09.530";0.0
"2019-12-28T18:08:10.295";0.0
"2019-12-28T18:09:11.060";0.0
"2019-12-28T18:10:11.824";0.0
"2019-12-28T18:11:12.587";0.0
"2019-12-28T18:12:13.350";0.0
"2019-12-28T18:13:14.116";0.0
"2019-12-28T18:14:14.879";0.0
"2019-12-28T18:15:15.641";0.0
"2019-12-28T18:16:16.406";0.0
"2019-12-28T18:17:17.172";0.0
"2019-12-28T18:18:17.936";0.0
"2019-12-28T18:19:18.701";0.0
"2019-12-28T18:20:19.467";0.0
"2019-12-28T18:21:20.230";0.0
"2019-12-28T18:22:20.997";0.0
"2019-12-28T18:23:21.759";0.0
"2019-12-28T18:24:22.521";0.0
"2019-12-28T18:25:23.284";0.0
"2019-12-28T18:26:24.050";0.0
"2019-12-28T18:27:24.814";0.0
"2019-12-28T18:28:25.581";0.0
"2019-12-28T18:29:26.342";0.0
"2019-12-28T18:30:27.106";0.0
"2019-12-28T18:31:27.868";0.0
"2019-12-28T18:32:28.632";0.0
"2019-12-28T18:33:29.401";0.0
"2019-12-28T18:34:30.163";0.0
"2019-12-28T18:35:30.926";0.0
"2019-12-28T18:36:31.690";0.0
"2019-12-28T18:37:32.454";0.0
"2019-12-28T18:38:33.227";0.0
"2019-12-28T18:39:33.982";0.0
"2019-12-28T18:40:34.752";0.0
"2019-12-28T18:41:35.511";0.0
"2019-12-28T18:42:36.274";0.0
"2019-12-28T18:43:37.038";0.0
"2019-12-28T18:44:37.801";0.0
"2019-12-28T18:45:38.564";0.0
"2019-12-28T18:46:39.338";0.0
"2019-12-28T18:47:40.094";0.0
"2019-12-28T18:48:40.857";0.0
"2019-12-28T18:49:41.622";0.0
"2019-12-28T18:50:42.385";0.0
"2019-12-28T18:51:43.152";0.0
"2019-12-28T18:52:43.917";0.0
"2019-12-28T18:53:44.682";0.0
"2019-12-28T18:54:45.450";0.0
"2019-12-28T18:55:46.210";0.0
"2019-12-28T18:56:46.974";0.0
"2019-12-28T18:57:47.739";0.0
"2019-12-28T18:58:48.502";0.0
"2019-12-28T18:59:49.276";0.0
"2019-12-28T19:00:50.031";0.0
"2019-12-28T19:01:50.794";0.0
"2019-12-28T19:02:51.558";0.0
"2019-12-28T19:03:52.324";0.0
"2019-12-28T19:04:53.088";0.0
"2019-12-28T19:05:53.854";0.0
"2019-12-28T19:06:54.617";0.0
"2019-12-28T19:07:55.379";0.0
"2019-12-28T19:08:56.143";0.0
"2019-12-28T19:09:56.909";0.0
"2019-12-28T19:10:57.674";0.0
"2019-12-28T19:11:58.439";0.0
"2019-12-28T19:12:59.203";0.0
"2019-12-28T19:13:59.968";0.0
"2019-12-28T19:15:00.733";0.0
"2019-12-28T19:16:01.497";0.0
"2019-12-28T19:17:02.263";0.0
"2019-12-28T19:18:03.033";0.0
"2019-12-28T19:19:03.797";0.0
"2019-12-28T19:20:04.561";0.0
"2019-12-28T19:21:05.325";0.0
"2019-12-28T19:22:06.089";0.0
"2019-12-28T19:23:06.859";0.0
"2019-12-28T19:24:07.619";0.0
"2019-12-28T19:25:08.382";0.0
"2019-12-28T19:26:09.146";0.0
"2019-12-28T19:27:09.910";0.0
"2019-12-28T19:28:10.675";0.0
"2019-12-28T19:29:11.437";0.0
"2019-12-28T19:30:12.203";0.0
"2019-12-28T19:31:12.966";0.0
"2019-12-28T19:32:13.731";0.0
"2019-12-28T19:33:14.496";0.0
"2019-12-28T19:34:15.261";0.0
"2019-12-28T19:35:16.024";0.0
"2019-12-28T19:36:16.791";0.0
"2019-12-28T19:37:17.556";0.0
"2019-12-28T19:38:18.317";0.0
"2019-12-28T19:39:19.080";0.0
"2019-12-28T19:40:19.844";0.0
"2019-12-28T19:41:20.608";0.0
"2019-12-28T19:42:21.378";0.0
"2019-12-28T19:43:22.137";0.0
"2019-12-28T19:44:22.901";0.0
"2019-12-28T19:45:23.664";0.0
"2019-12-28T19:46:24.427";0.0
"2019-12-28T19:47:25.193";0.0
"2019-12-28T19:48:25.957";0.0
"2019-12-28T19:49:26.733";0.0
"2019-12-28T19:50:27.485";0.0
"2019-12-28T19:51:28.250";0.0
"2019-12-28T19:52:29.015";0.0
"2019-12-28T19:53:29.779";0.0
"2019-12-28T19:54:30.548";0.0
"2019-12-28T19:55:31.306";0.0
"2019-12-28T19:56:32.072";0.0
"2019-12-28T19:57:32.838";0.0
"2019-12-28T19:58:33.600";0.0
"2019-12-28T19:59:34.364";0.0
"2019-12-28T20:00:35.130";0.0
"2019-12-28T20:01:35.893";0.0
"2019-12-28T20:02:36.656";0.0
"2019-12-28T20:03:37.420";0.0
"2019-12-28T20:04:38.185";0.0
"2019-12-28T20:05:38.951";0.0
"2019-12-28T20:06:39.722";0.0
"2019-12-28T20:07:40.481";0.0
"2019-12-28T20:08:41.246";0.0
"2019-12-28T20:09:42.010";0.0
"2019-12-28T20:10:42.775";0.0
"2019-12-28T20:11:43.540";0.0
"2019-12-28T20:12:44.303";0.0
"2019-12-28T20:13:45.067";0.0
"2019-12-28T20:14:45.832";0.0
"2019-12-28T20:15:46.607";0.0
"2019-12-28T20:16:47.364";0.0
"2019-12-28T20:17:48.131";0.0
"2019-12-28T20:18:48.896";0.0
"2019-12-28T20:19:49.660";0.0
"2019-12-28T20:20:50.425";0.0
"2019-12-28T20:21:51.192";0.0
"2019-12-28T20:22:51.951";0.0
"2019-12-28T20:23:52.716";0.0
"2019-12-28T20:24:53.480";0.0
"2019-12-28T20:25:54.244";0.0
"2019-12-28T20:26:55.011";0.0
"2019-12-28T20:27:55.772";0.0
"2019-12-28T20:28:56.537";0.0
"2019-12-28T20:29:57.301";0.0
"2019-12-28T20:30:58.066";0.0
"2019-12-28T20:31:58.832";0.0
"2019-12-28T20:32:59.596";0.0
"2019-12-28T20:34:00.361";0.0
"2019-12-28T20:35:01.128";0.0
"2019-12-28T20:36:01.891";0.0
"2019-12-28T20:37:02.657";0.0
"2019-12-28T20:38:03.422";0.0
"2019-12-28T20:39:04.185";0.0
"2019-12-28T20:40:04.949";0.0
"2019-12-28T20:41:05.714";0.0
"2019-12-28T20:42:06.477";0.0
"2019-12-28T20:43:07.243";0.0
"2019-12-28T20:44:08.006";0.0
"2019-12-28T20:45:08.771";0.0
"2019-12-28T20:46:09.536";0.0
"2019-12-28T20:47:10.307";0.0
"2019-12-28T20:48:11.068";0.0
"2019-12-28T20:49:11.832";0.0
"2019-12-28T20:50:12.599";0.0
"2019-12-28T20:51:13.361";0.0
"2019-12-28T20:52:14.125";0.0
"2019-12-28T20:53:14.888";0.0
"2019-12-28T20:54:15.654";0.0
"2019-12-28T20:55:16.417";0.0
"2019-12-28T20:56:17.181";0.0
"2019-12-28T20:57:17.945";0.0
"2019-12-28T20:58:18.715";0.0
"2019-12-28T20:59:19.476";0.0
"2019-12-28T21:00:20.240";0.0
"2019-12-28T21:01:21.005";0.0
"2019-12-28T21:02:21.772";0.0
"2019-12-28T21:03:22.533";0.0
"2019-12-28T21:04:23.297";0.0
"2019-12-28T21:05:24.060";0.0
"2019-12-28T21:06:24.825";0.0
"2019-12-28T21:07:25.586";0.0
"2019-12-28T21:08:26.351";0.0
"2019-12-28T21:09:27.115";0.0
"2019-12-28T21:10:27.899";0.0
"2019-12-28T21:11:28.644";0.0
"2019-12-28T21:12:29.409";0.0
"2019-12-28T21:13:30.172";0.0
"2019-12-28T21:14:30.939";0.0
"2019-12-28T21:15:31.704";0.0
"2019-12-28T21:16:32.470";0.0
"2019-12-28T21:17:33.233";0.0
"2019-12-28T21:18:33.996";0.0
"2019-12-28T21:19:34.760";0.0
"2019-12-28T21:20:35.526";0.0
"2019-12-28T21:21:36.289";0.0
"2019-12-28T21:22:37.054";0.0
"2019-12-28T21:23:37.822";0.0
"2019-12-28T21:24:38.587";0.0
"2019-12-28T21:25:39.352";0.0
"2019-12-28T21:26:40.118";0.0
"2019-12-28T21:27:40.882";0.0
"2019-12-28T21:28:41.645";0.0
"2019-12-28T21:29:42.409";0.0
"2019-12-28T21:30:43.174";0.0
"2019-12-28T21:31:43.940";0.0
"2019-12-28T21:32:44.702";0.0
"2019-12-28T21:33:45.469";0.0
"2019-12-28T21:34:46.229";0.0
"2019-12-28T21:35:46.992";0.0
"2019-12-28T21:36:47.764";0.0
"2019-12-28T21:37:48.521";0.0
"2019-12-28T21:38:49.285";0.0
"2019-12-28T21:39:50.050";0.0
"2019-12-28T21:40:50.814";0.0
"2019-12-28T21:41:51.578";0.0
"2019-12-28T21:42:52.345";0.0
"2019-12-28T21:43:53.106";0.0
"2019-12-28T21:44:53.870";0.0
"2019-12-28T21:45:54.643";0.0
"2019-12-28T21:46:55.406";0.0
"2019-12-28T21:47:56.169";0.0
"2019-12-28T21:48:56.931";0.0
"2019-12-28T21:49:57.695";0.0
"2019-12-28T21:50:58.465";0.0
"2019-12-28T21:51:59.223";0.0
"2019-12-28T21:52:59.988";0.0
"2019-12-28T21:54:00.752";0.0
"2019-12-28T21:55:01.518";0.0
"2019-12-28T21:56:02.285";0.0
"2019-12-28T21:57:03.051";0.0
"2019-12-28T21:58:03.812";0.0
"2019-12-28T21:59:04.576";0.0
"2019-12-28T22:00:05.343";0.0
"2019-12-28T22:01:06.106";0.0
"2019-12-28T22:02:06.870";0.0
"2019-12-28T22:03:07.635";0.0
"2019-12-28T22:04:08.398";0.0
"2019-12-28T22:05:09.163";0.0
"2019-12-28T22:06:09.928";0.0
"2019-12-28T22:07:10.689";0.0
"2019-12-28T22:08:11.454";0.0
"2019-12-28T22:09:12.222";0.0
"2019-12-28T22:10:12.985";0.0
"2019-12-28T22:11:13.748";0.0
"2019-12-28T22:12:14.512";0.0
"2019-12-28T22:13:15.277";0.0
"2019-12-28T22:14:16.043";0.0
"2019-12-28T22:15:16.808";0.0
"2019-12-28T22:16:17.576";0.0
"2019-12-28T22:17:18.337";0.0
"2019-12-28T22:18:19.100";0.0
"2019-12-28T22:19:19.864";0.0
"2019-12-28T22:20:20.627";0.0
"2019-12-28T22:21:21.393";0.0
"2019-12-28T22:22:22.160";0.0
"2019-12-28T22:23:22.922";0.0
"2019-12-28T22:24:23.688";0.0
"2019-12-28T22:25:24.449";0.0
"2019-12-28T22:26:25.215";0.0
"2019-12-28T22:27:25.980";0.0
"2019-12-28T22:28:26.745";0.0
"2019-12-28T22:29:27.510";0.0
"2019-12-28T22:30:28.278";0.0
"2019-12-28T22:31:29.040";0.0
"2019-12-28T22:32:29.807";0.0
"2019-12-28T22:33:30.572";0.0
"2019-12-28T22:34:31.335";0.0
"2019-12-28T22:35:32.099";0.0
"2019-12-28T22:37:00.344";0.0
"2019-12-28T22:38:01.232";0.0
"2019-12-28T22:39:02.118";0.0
"2019-12-28T22:40:03.000";0.0
"2019-12-28T22:41:03.888";0.0
"2019-12-28T22:42:04.774";0.0
"2019-12-28T22:43:05.658";0.0
"2019-12-28T22:44:06.549";0.0
"2019-12-28T22:45:07.428";0.0
"2019-12-28T22:46:08.316";0.0
"2019-12-28T22:47:09.200";0.0
"2019-12-28T22:48:10.095";0.0
"2019-12-28T22:49:10.988";0.0
"2019-12-28T22:50:11.861";0.0
"2019-12-28T22:51:12.742";0.0
"2019-12-28T22:52:13.626";0.0
"2019-12-28T22:53:14.512";0.0
"2019-12-28T22:54:15.401";0.0
"2019-12-28T22:55:16.278";0.0
"2019-12-28T22:56:17.162";0.0
"2019-12-28T22:57:18.045";0.0
"2019-12-28T22:58:18.933";0.0
"2019-12-28T22:59:19.812";0.0
"2019-12-28T23:00:20.700";0.0
"2019-12-28T23:01:21.586";0.0
"2019-12-28T23:02:22.473";0.0
"2019-12-28T23:03:23.356";0.0
"2019-12-28T23:04:24.238";0.0
"2019-12-28T23:05:25.127";0.0
"2019-12-28T23:06:26.019";0.0
"2019-12-28T23:07:26.894";0.0
"2019-12-28T23:08:27.778";0.0
"2019-12-28T23:09:28.675";0.0
"2019-12-28T23:10:29.549";0.0
"2019-12-28T23:11:30.431";0.0
"2019-12-28T23:12:31.320";0.0
"2019-12-28T23:13:32.207";0.0
"2019-12-28T23:14:33.089";0.0
"2019-12-28T23:15:33.973";0.0
"2019-12-28T23:16:34.863";0.0
"2019-12-28T23:17:35.756";0.0
"2019-12-28T23:18:36.637";0.0
"2019-12-28T23:19:37.522";0.0
"2019-12-28T23:20:38.401";0.0
"2019-12-28T23:21:39.288";0.0
"2019-12-28T23:22:40.179";0.0
"2019-12-28T23:23:41.065";0.0
"2019-12-28T23:24:41.947";0.0
"2019-12-28T23:25:42.830";0.0
"2019-12-28T23:26:43.715";0.0
"2019-12-28T23:27:44.597";0.0
"2019-12-28T23:28:45.477";0.0
"2019-12-28T23:29:46.357";0.0
"2019-12-28T23:30:47.243";0.0
"2019-12-28T23:31:48.129";0.0
"2019-12-28T23:32:49.007";0.0
"2019-12-28T23:33:49.894";0.0
"2019-12-28T23:34:50.778";0.0
"2019-12-28T23:35:51.663";0.0
"2019-12-28T23:36:52.547";0.0
"2019-12-28T23:37:53.430";0.0
"2019-12-28T23:38:54.311";0.0
"2019-12-28T23:39:55.193";0.0
"2019-12-28T23:40:56.126";93.0
"2019-12-28T23:41:57.005";401.0
"2019-12-28T23:42:57.891";719.0
"2019-12-28T23:43:58.779";810.0
"2019-12-28T23:44:59.664";848.0
"2019-12-28T23:46:00.550";847.0
"2019-12-28T23:47:01.436";845.0
"2019-12-28T23:48:02.322";854.0
"2019-12-28T23:49:03.210";987.0
"2019-12-28T23:50:04.093";960.0
"2019-12-28T23:51:04.982";802.0
"2019-12-28T23:52:05.871";775.0
"2019-12-28T23:53:06.759";793.0
"2019-12-28T23:54:07.646";786.0
"2019-12-28T23:55:08.531";805.0
"2019-12-28T23:56:09.420";784.0
"2019-12-28T23:57:10.307";836.0
"2019-12-28T23:58:11.193";847.0
"2019-12-28T23:59:12.084";967.0
"2019-12-29T00:00:12.970";1829.0
"2019-12-29T00:01:13.859";1867.0
"2019-12-29T00:02:14.744";1837.0
"2019-12-29T00:03:15.630";1827.0
"2019-12-29T00:04:16.520";1748.0
"2019-12-29T00:05:17.407";1747.0
"2019-12-29T00:06:18.295";1739.0
"2019-12-29T00:07:19.184";1751.0
"2019-12-29T00:08:20.070";1770.0
"2019-12-29T00:09:20.959";1765.0
"2019-12-29T00:10:21.843";1598.0
"2019-12-29T00:11:22.726";1805.0
"2019-12-29T00:12:23.614";1745.0
"2019-12-29T00:13:24.503";1808.0
"2019-12-29T00:14:25.395";1808.0
"2019-12-29T00:15:26.277";1715.0
"2019-12-29T00:16:27.166";1817.0
"2019-12-29T00:17:28.056";1803.0
"2019-12-29T00:18:28.944";1647.0
"2019-12-29T00:19:29.832";1636.0
"2019-12-29T00:20:30.720";1638.0
"2019-12-29T00:21:31.605";1674.0
"2019-12-29T00:22:32.495";1507.0
"2019-12-29T00:23:33.384";1296.0
"2019-12-29T00:24:34.270";1022.0
"2019-12-29T00:25:35.158";1127.0
"2019-12-29T00:26:36.041";2305.0
"2019-12-29T00:27:36.925";1535.0
"2019-12-29T00:28:37.818";1450.0
"2019-12-29T00:29:38.707";1445.0
"2019-12-29T00:30:39.594";1508.0
"2019-12-29T00:31:40.484";1104.0
"2019-12-29T00:32:41.365";1431.0
"2019-12-29T00:33:42.252";1006.0
"2019-12-29T00:34:43.135";1459.0
"2019-12-29T00:35:44.021";1891.0
"2019-12-29T00:36:44.910";1936.0
"2019-12-29T00:37:45.797";1936.0
"2019-12-29T00:38:46.682";963.0
"2019-12-29T00:39:47.570";2034.0
"2019-12-29T00:40:48.461";2018.0
"2019-12-29T00:41:49.348";1957.0
"2019-12-29T00:42:50.238";1911.0
"2019-12-29T00:43:51.128";1840.0
"2019-12-29T00:44:52.020";166.0
"2019-12-29T00:45:52.906";147.0
"2019-12-29T00:46:53.797";54.0
"2019-12-29T00:47:54.683";0.0
"2019-12-29T00:48:55.570";0.0
"2019-12-29T00:49:56.461";0.0
"2019-12-29T00:50:57.339";0.0
"2019-12-29T00:51:58.228";0.0
"2019-12-29T00:52:59.107";0.0
"2019-12-29T00:53:59.993";0.0
"2019-12-29T00:55:00.879";0.0
"2019-12-29T00:56:01.765";0.0
"2019-12-29T00:57:02.646";0.0
"2019-12-29T00:58:03.527";0.0
"2019-12-29T00:59:04.410";0.0
"2019-12-29T01:00:05.306";0.0
"2019-12-29T01:01:06.182";0.0
"2019-12-29T01:02:07.069";0.0
"2019-12-29T01:03:07.952";0.0
"2019-12-29T01:04:08.837";0.0
"2019-12-29T01:05:09.725";0.0
"2019-12-29T01:06:10.606";0.0
"2019-12-29T01:07:11.493";0.0
"2019-12-29T01:08:12.375";0.0
"2019-12-29T01:09:13.262";0.0
"2019-12-29T01:10:14.148";0.0
"2019-12-29T01:11:15.035";0.0
"2019-12-29T01:12:15.916";0.0
"2019-12-29T01:13:16.800";0.0
"2019-12-29T01:14:17.683";0.0
"2019-12-29T01:15:18.577";0.0
"2019-12-29T01:16:19.453";0.0
"2019-12-29T01:17:20.341";0.0
"2019-12-29T01:18:21.229";0.0
"2019-12-29T01:19:22.111";0.0
"2019-12-29T01:20:22.996";0.0
"2019-12-29T01:21:23.875";0.0
"2019-12-29T01:22:24.759";0.0
"2019-12-29T01:23:25.640";0.0
"2019-12-29T01:24:26.532";0.0
"2019-12-29T01:25:27.405";0.0
"2019-12-29T01:26:28.289";0.0
"2019-12-29T01:27:29.176";0.0
"2019-12-29T01:28:30.066";0.0
"2019-12-29T01:29:30.936";0.0
"2019-12-29T01:30:31.820";0.0
"2019-12-29T01:31:32.708";0.0
"2019-12-29T01:32:33.593";0.0
"2019-12-29T01:33:34.476";0.0
"2019-12-29T01:34:35.365";0.0
"2019-12-29T01:35:36.250";0.0
"2019-12-29T01:36:37.131";0.0
"2019-12-29T01:37:38.016";0.0
"2019-12-29T01:38:38.901";0.0
"2019-12-29T01:39:39.787";0.0
"2019-12-29T01:40:40.672";0.0
"2019-12-29T01:41:41.559";0.0
"2019-12-29T01:42:42.438";0.0
"2019-12-29T01:43:43.323";0.0
"2019-12-29T01:44:44.211";0.0
"2019-12-29T01:45:45.097";0.0
"2019-12-29T01:46:45.981";0.0
"2019-12-29T01:47:46.866";0.0
"2019-12-29T01:48:47.752";0.0
"2019-12-29T01:49:48.641";0.0
"2019-12-29T01:50:49.520";0.0
"2019-12-29T01:51:50.409";35.0
"2019-12-29T01:52:51.297";14.0
"2019-12-29T01:53:52.181";3.0
"2019-12-29T01:54:53.069";0.0
"2019-12-29T01:55:53.958";31.0
"2019-12-29T01:56:54.849";23.0
"2019-12-29T01:57:55.734";16.0
"2019-12-29T01:58:56.631";10.0
"2019-12-29T01:59:57.508";49.0
"2019-12-29T02:00:58.396";400.0
"2019-12-29T02:01:59.286";432.0
"2019-12-29T02:03:00.178";414.0
"2019-12-29T02:04:01.062";422.0
"2019-12-29T02:05:01.956";368.0
"2019-12-29T02:06:02.846";355.0
"2019-12-29T02:07:03.729";377.0
"2019-12-29T02:08:04.613";336.0
"2019-12-29T02:09:25.682";281.0
"2019-12-29T02:10:26.451";287.0
"2019-12-29T02:11:27.213";372.0
"2019-12-29T02:12:27.979";384.0
"2019-12-29T02:13:28.744";429.0
"2019-12-29T02:14:29.509";1381.0
"2019-12-29T02:15:30.281";1519.0
"2019-12-29T02:16:31.036";1442.0
"2019-12-29T02:17:31.802";1401.0
"2019-12-29T02:18:32.588";185.0
"2019-12-29T02:19:33.335";182.0
"2019-12-29T02:20:34.100";137.0
"2019-12-29T02:21:34.863";109.0
"2019-12-29T02:22:35.629";85.0
"2019-12-29T02:23:36.391";0.0
"2019-12-29T02:24:37.160";0.0
"2019-12-29T02:25:37.921";0.0
"2019-12-29T02:26:38.700";0.0
"2019-12-29T02:27:39.455";0.0
"2019-12-29T02:28:40.227";0.0
"2019-12-29T02:29:40.985";0.0
"2019-12-29T02:30:41.751";0.0
"2019-12-29T02:31:42.515";0.0
"2019-12-29T02:32:43.281";0.0
"2019-12-29T02:33:44.046";0.0
"2019-12-29T02:34:44.813";0.0
"2019-12-29T02:35:45.577";0.0
"2019-12-29T02:36:46.345";0.0
"2019-12-29T02:37:47.106";0.0
"2019-12-29T02:38:47.874";0.0
"2019-12-29T02:39:48.638";0.0
"2019-12-29T02:40:49.406";0.0
"2019-12-29T02:41:50.170";0.0
"2019-12-29T02:42:50.933";0.0
"2019-12-29T02:43:51.696";0.0
"2019-12-29T02:44:52.465";0.0
"2019-12-29T02:45:53.228";0.0
"2019-12-29T02:46:53.994";0.0
"2019-12-29T02:47:54.760";0.0
"2019-12-29T02:48:55.530";0.0
"2019-12-29T02:49:56.290";0.0
"2019-12-29T02:50:57.055";0.0
"2019-12-29T02:51:57.821";0.0
"2019-12-29T02:52:58.586";0.0
"2019-12-29T02:53:59.352";0.0
"2019-12-29T02:55:00.116";0.0
"2019-12-29T02:56:00.883";0.0
"2019-12-29T02:57:01.649";0.0
"2019-12-29T02:58:02.416";0.0
"2019-12-29T02:59:03.182";0.0
"2019-12-29T03:00:03.951";0.0
"2019-12-29T03:01:04.710";0.0
"2019-12-29T03:02:05.477";0.0
"2019-12-29T03:03:06.238";0.0
"2019-12-29T03:04:07.004";0.0
"2019-12-29T03:05:07.770";0.0
"2019-12-29T03:06:08.534";0.0
"2019-12-29T03:07:09.301";0.0
"2019-12-29T03:08:10.066";0.0
"2019-12-29T03:09:10.836";0.0
"2019-12-29T03:10:11.599";0.0
"2019-12-29T03:11:12.365";0.0
"2019-12-29T03:12:13.131";0.0
"2019-12-29T03:13:13.897";0.0
"2019-12-29T03:14:14.662";0.0
"2019-12-29T03:15:15.428";0.0
"2019-12-29T03:16:16.194";0.0
"2019-12-29T03:17:16.959";0.0
"2019-12-29T03:18:17.723";0.0
"2019-12-29T03:19:18.488";0.0
"2019-12-29T03:20:19.252";0.0
"2019-12-29T03:21:20.018";0.0
"2019-12-29T03:22:20.783";0.0
"2019-12-29T03:23:21.548";0.0
"2019-12-29T03:24:22.314";0.0
"2019-12-29T03:25:23.079";0.0
"2019-12-29T03:26:23.847";0.0
"2019-12-29T03:27:24.608";0.0
"2019-12-29T03:28:25.373";0.0
"2019-12-29T03:29:26.138";0.0
"2019-12-29T03:30:26.907";0.0
"2019-12-29T03:31:27.670";0.0
"2019-12-29T03:32:28.434";0.0
"2019-12-29T03:33:29.199";0.0
"2019-12-29T03:34:29.966";0.0
"2019-12-29T03:35:30.729";0.0
"2019-12-29T03:36:31.497";0.0
"2019-12-29T03:37:32.262";0.0
"2019-12-29T03:38:33.024";0.0
"2019-12-29T03:39:33.788";0.0
"2019-12-29T03:40:34.555";0.0
"2019-12-29T03:41:35.324";0.0
"2019-12-29T03:42:36.091";0.0
"2019-12-29T03:43:36.851";0.0
"2019-12-29T03:44:37.617";0.0
"2019-12-29T03:45:38.381";0.0
"2019-12-29T03:46:39.145";0.0
"2019-12-29T03:47:39.911";0.0
"2019-12-29T03:48:40.677";0.0
"2019-12-29T03:49:41.443";0.0
"2019-12-29T03:50:42.207";0.0
"2019-12-29T03:51:42.972";0.0
"2019-12-29T03:52:43.737";0.0
"2019-12-29T03:53:44.500";0.0
"2019-12-29T03:54:45.266";0.0
"2019-12-29T03:55:46.031";0.0
"2019-12-29T03:56:46.795";0.0
"2019-12-29T03:57:47.560";0.0
"2019-12-29T03:58:48.341";0.0
"2019-12-29T03:59:49.091";0.0
"2019-12-29T04:00:49.858";0.0
"2019-12-29T04:01:50.622";0.0
"2019-12-29T04:02:51.389";0.0
"2019-12-29T04:03:52.153";0.0
"2019-12-29T04:04:52.917";0.0
"2019-12-29T04:05:53.681";0.0
"2019-12-29T04:06:54.448";0.0
"2019-12-29T04:07:55.213";0.0
"2019-12-29T04:08:55.983";0.0
"2019-12-29T04:09:56.743";0.0
"2019-12-29T04:10:57.507";0.0
"2019-12-29T04:12:08.530";0.0
"2019-12-29T04:13:09.419";0.0
"2019-12-29T04:14:10.301";0.0
"2019-12-29T04:15:11.186";0.0
"2019-12-29T04:16:12.070";0.0
"2019-12-29T04:17:12.955";0.0
"2019-12-29T04:18:13.834";0.0
"2019-12-29T04:19:14.719";0.0
"2019-12-29T04:20:15.601";0.0
"2019-12-29T04:21:16.484";0.0
"2019-12-29T04:22:17.371";0.0
"2019-12-29T04:23:18.254";0.0
"2019-12-29T04:24:19.138";0.0
"2019-12-29T04:25:20.020";0.0
"2019-12-29T04:26:20.908";0.0
"2019-12-29T04:27:21.789";0.0
"2019-12-29T04:28:22.671";0.0
"2019-12-29T04:29:23.556";0.0
"2019-12-29T04:30:24.443";0.0
"2019-12-29T04:31:25.326";0.0
"2019-12-29T04:32:26.216";0.0
"2019-12-29T04:33:27.101";0.0
"2019-12-29T04:34:27.985";0.0
"2019-12-29T04:35:28.873";0.0
"2019-12-29T04:36:29.760";0.0
"2019-12-29T04:37:30.647";0.0
"2019-12-29T04:38:31.547";0.0
"2019-12-29T04:39:32.420";0.0
"2019-12-29T04:40:33.306";0.0
"2019-12-29T04:41:34.196";0.0
"2019-12-29T04:42:35.085";0.0
"2019-12-29T04:43:35.971";0.0
"2019-12-29T04:44:36.854";0.0
"2019-12-29T04:45:37.739";0.0
"2019-12-29T04:46:38.624";0.0
"2019-12-29T04:47:39.513";0.0
"2019-12-29T04:48:40.401";0.0
"2019-12-29T04:49:41.283";0.0
"2019-12-29T04:50:42.167";0.0
"2019-12-29T04:51:43.054";0.0
"2019-12-29T04:52:43.945";0.0
"2019-12-29T04:53:44.827";0.0
"2019-12-29T04:54:45.709";0.0
"2019-12-29T04:55:46.596";0.0
"2019-12-29T04:56:47.482";0.0
"2019-12-29T04:57:48.368";0.0
"2019-12-29T04:58:49.247";0.0
"2019-12-29T04:59:50.132";0.0
"2019-12-29T05:00:51.017";0.0
"2019-12-29T05:01:51.903";0.0
"2019-12-29T05:02:52.792";0.0
"2019-12-29T05:03:53.671";0.0
"2019-12-29T05:04:54.560";0.0
"2019-12-29T05:05:55.445";0.0
"2019-12-29T05:06:56.327";0.0
"2019-12-29T05:07:57.209";0.0
"2019-12-29T05:08:58.094";0.0
"2019-12-29T05:09:58.978";0.0
"2019-12-29T05:10:59.863";0.0
"2019-12-29T05:12:00.751";0.0
"2019-12-29T05:13:01.671";35.0
"2019-12-29T05:14:02.528";33.0
"2019-12-29T05:15:03.414";33.0
"2019-12-29T05:16:23.456";10.0
"2019-12-29T05:17:56.754";16.0
"2019-12-29T05:18:57.643";14.0
"2019-12-29T05:19:58.533";15.0
"2019-12-29T05:20:59.418";16.0
"2019-12-29T05:22:00.308";10.0
"2019-12-29T05:23:01.201";5.0
"2019-12-29T05:24:02.084";11.0
"2019-12-29T05:25:02.975";14.0
"2019-12-29T05:26:03.870";32.0
"2019-12-29T05:27:04.759";32.0
"2019-12-29T05:28:05.648";29.0
"2019-12-29T05:29:06.537";29.0
"2019-12-29T05:30:07.429";37.0
"2019-12-29T05:31:08.317";34.0
"2019-12-29T05:32:09.206";30.0
"2019-12-29T05:33:10.097";33.0
"2019-12-29T05:34:10.989";39.0
"2019-12-29T05:35:11.877";38.0
"2019-12-29T05:36:12.766";38.0
"2019-12-29T05:37:13.657";35.0
"2019-12-29T05:38:14.546";40.0
"2019-12-29T05:39:15.433";32.0
"2019-12-29T05:40:16.322";33.0
"2019-12-29T05:41:17.207";34.0
"2019-12-29T05:42:18.094";28.0
"2019-12-29T05:43:18.983";31.0
"2019-12-29T05:44:19.872";34.0
"2019-12-29T05:45:20.761";32.0
"2019-12-29T05:46:21.646";29.0
"2019-12-29T05:47:22.534";19.0
"2019-12-29T05:48:23.423";16.0
"2019-12-29T05:49:24.307";16.0
"2019-12-29T05:50:25.189";15.0
"2019-12-29T05:51:26.080";17.0
"2019-12-29T05:52:26.963";16.0
"2019-12-29T05:53:27.855";16.0
"2019-12-29T05:54:28.733";19.0
"2019-12-29T05:55:29.620";17.0
"2019-12-29T05:56:30.500";16.0
"2019-12-29T05:57:55.627";16.0
"2019-12-29T05:59:03.645";32.0
"2019-12-29T06:00:04.515";28.0
"2019-12-29T06:01:05.406";34.0
"2019-12-29T06:02:06.295";35.0
"2019-12-29T06:03:07.188";38.0
"2019-12-29T06:04:08.083";32.0
"2019-12-29T06:05:08.970";30.0
"2019-12-29T06:06:09.861";38.0
"2019-12-29T06:07:10.752";32.0
"2019-12-29T06:08:11.644";42.0
"2019-12-29T06:09:12.532";39.0
"2019-12-29T06:10:13.423";48.0
"2019-12-29T06:11:14.315";47.0
"2019-12-29T06:12:15.207";45.0
"2019-12-29T06:13:16.099";48.0
"2019-12-29T06:14:16.992";41.0
"2019-12-29T06:15:17.881";48.0
"2019-12-29T06:16:18.774";48.0
"2019-12-29T06:17:19.667";43.0
"2019-12-29T06:18:20.560";41.0
"2019-12-29T06:19:21.453";35.0
"2019-12-29T06:20:22.342";47.0
"2019-12-29T06:21:23.233";41.0
"2019-12-29T06:22:24.123";46.0
"2019-12-29T06:23:25.015";38.0
"2019-12-29T06:24:25.905";37.0
"2019-12-29T06:25:26.796";43.0
"2019-12-29T06:26:27.688";41.0
"2019-12-29T06:27:28.581";42.0
"2019-12-29T06:28:29.476";43.0
"2019-12-29T06:29:30.358";40.0
"2019-12-29T06:30:31.251";47.0
"2019-12-29T06:31:32.140";43.0
"2019-12-29T06:32:33.029";41.0
"2019-12-29T06:33:33.921";48.0
"2019-12-29T06:34:34.812";45.0
"2019-12-29T06:35:35.705";45.0
"2019-12-29T06:36:36.598";47.0
"2019-12-29T06:37:37.487";48.0
"2019-12-29T06:38:38.379";45.0
"2019-12-29T06:39:39.269";47.0
"2019-12-29T06:40:40.160";48.0
"2019-12-29T06:41:41.052";49.0
"2019-12-29T06:42:41.948";42.0
"2019-12-29T06:43:42.837";48.0
"2019-12-29T06:44:43.729";43.0
"2019-12-29T06:45:44.617";42.0
"2019-12-29T06:46:45.510";44.0
"2019-12-29T06:47:46.400";39.0
"2019-12-29T06:48:47.291";42.0
"2019-12-29T06:49:48.183";42.0
"2019-12-29T06:50:49.076";38.0
"2019-12-29T06:51:49.969";38.0
"2019-12-29T06:52:50.867";43.0
"2019-12-29T06:53:51.750";41.0
"2019-12-29T06:54:52.638";39.0
"2019-12-29T06:55:53.528";37.0
"2019-12-29T06:56:54.419";38.0
"2019-12-29T06:57:55.308";39.0
"2019-12-29T06:58:56.198";34.0
"2019-12-29T06:59:57.093";38.0
"2019-12-29T07:00:57.987";41.0
"2019-12-29T07:01:58.870";38.0
"2019-12-29T07:02:59.765";42.0
"2019-12-29T07:04:00.653";39.0
"2019-12-29T07:05:01.544";43.0
"2019-12-29T07:06:02.434";34.0
"2019-12-29T07:07:03.323";36.0
"2019-12-29T07:08:04.212";37.0
"2019-12-29T07:09:05.114";35.0
"2019-12-29T07:10:05.993";36.0
"2019-12-29T07:11:06.886";35.0
"2019-12-29T07:12:07.776";38.0
"2019-12-29T07:13:08.668";41.0
"2019-12-29T07:14:09.559";41.0
"2019-12-29T07:15:10.446";38.0
"2019-12-29T07:16:11.336";37.0
"2019-12-29T07:17:12.232";37.0
"2019-12-29T07:18:13.119";34.0
"2019-12-29T07:19:14.012";37.0
"2019-12-29T07:20:14.902";35.0
"2019-12-29T07:21:15.791";43.0
"2019-12-29T07:22:16.684";45.0
"2019-12-29T07:23:17.577";48.0
"2019-12-29T07:24:18.467";39.0
"2019-12-29T07:25:19.357";42.0
"2019-12-29T07:26:20.246";42.0
"2019-12-29T07:27:21.140";48.0
"2019-12-29T07:28:22.032";43.0
"2019-12-29T07:29:22.921";36.0
"2019-12-29T07:30:23.814";47.0
"2019-12-29T07:31:24.705";48.0
"2019-12-29T07:32:25.596";44.0
"2019-12-29T07:33:26.488";46.0
"2019-12-29T07:34:27.376";44.0
"2019-12-29T07:35:28.268";48.0
"2019-12-29T07:36:29.163";48.0
"2019-12-29T07:37:30.048";48.0
"2019-12-29T07:38:30.939";48.0
"2019-12-29T07:39:31.828";48.0
"2019-12-29T07:40:32.722";46.0
"2019-12-29T07:41:33.613";42.0
"2019-12-29T07:42:34.504";44.0
"2019-12-29T07:43:35.399";39.0
"2019-12-29T07:44:36.287";38.0
"2019-12-29T07:45:37.178";36.0
"2019-12-29T07:46:38.070";41.0
"2019-12-29T07:47:38.962";38.0
"2019-12-29T07:48:39.855";41.0
"2019-12-29T07:49:40.747";46.0
"2019-12-29T07:50:41.639";40.0
"2019-12-29T07:51:42.527";41.0
"2019-12-29T07:52:43.416";39.0
"2019-12-29T07:53:44.313";39.0
"2019-12-29T07:54:45.199";45.0
"2019-12-29T07:55:46.090";45.0
"2019-12-29T07:56:46.980";39.0
"2019-12-29T07:57:47.874";35.0
"2019-12-29T07:58:48.755";35.0
"2019-12-29T07:59:49.643";33.0
"2019-12-29T08:00:50.538";33.0
"2019-12-29T08:01:51.434";33.0
"2019-12-29T08:02:52.316";34.0
"2019-12-29T08:03:53.212";30.0
"2019-12-29T08:04:54.102";31.0
"2019-12-29T08:05:54.994";32.0
"2019-12-29T08:06:55.885";35.0
"2019-12-29T08:07:56.773";32.0
"2019-12-29T08:08:57.668";34.0
"2019-12-29T08:09:58.558";38.0
"2019-12-29T08:10:59.451";39.0
"2019-12-29T08:12:00.335";48.0
"2019-12-29T08:13:01.226";34.0
"2019-12-29T08:14:02.118";25.0
"2019-12-29T08:15:03.007";40.0
"2019-12-29T08:16:03.899";47.0
"2019-12-29T08:17:04.789";48.0
"2019-12-29T08:18:05.666";46.0
"2019-12-29T08:19:06.552";42.0
"2019-12-29T08:20:07.447";39.0
"2019-12-29T08:21:08.323";41.0
"2019-12-29T08:22:09.213";46.0
"2019-12-29T08:23:10.100";44.0
"2019-12-29T08:24:10.991";41.0
"2019-12-29T08:25:11.880";45.0
"2019-12-29T08:26:12.770";42.0
"2019-12-29T08:27:13.659";45.0
"2019-12-29T08:28:14.534";42.0
"2019-12-29T08:29:15.419";45.0
"2019-12-29T08:30:16.284";47.0
"2019-12-29T08:31:17.160";44.0
"2019-12-29T08:32:18.052";43.0
"2019-12-29T08:33:18.922";45.0
"2019-12-29T08:34:19.806";39.0
"2019-12-29T08:35:20.696";38.0
"2019-12-29T08:36:21.581";37.0
"2019-12-29T08:37:22.469";28.0
"2019-12-29T08:38:23.359";35.0
"2019-12-29T08:39:24.250";34.0
"2019-12-29T08:40:25.138";35.0
"2019-12-29T08:41:26.047";39.0
"2019-12-29T08:42:26.921";44.0
"2019-12-29T08:43:27.813";37.0
"2019-12-29T08:44:28.700";35.0
"2019-12-29T08:45:29.591";38.0
"2019-12-29T08:46:30.481";31.0
"2019-12-29T08:47:31.368";30.0
"2019-12-29T08:48:32.279";30.0
"2019-12-29T08:49:33.150";22.0
"2019-12-29T08:50:34.045";31.0
"2019-12-29T08:51:34.934";34.0
"2019-12-29T08:52:35.820";31.0
"2019-12-29T08:53:36.707";29.0
"2019-12-29T08:54:37.603";33.0
"2019-12-29T08:55:38.491";30.0
"2019-12-29T08:56:39.380";33.0
"2019-12-29T08:57:40.269";30.0
"2019-12-29T08:58:41.206";41.0
"2019-12-29T08:59:42.055";47.0
"2019-12-29T09:00:42.949";46.0
"2019-12-29T09:01:43.838";48.0
"2019-12-29T09:02:44.729";43.0
"2019-12-29T09:03:45.618";48.0
"2019-12-29T09:04:46.508";43.0
"2019-12-29T09:05:47.405";45.0
"2019-12-29T09:06:48.334";43.0
"2019-12-29T09:07:49.188";43.0
"2019-12-29T09:08:50.070";42.0
"2019-12-29T09:09:50.963";45.0
"2019-12-29T09:10:51.880";43.0
"2019-12-29T09:11:52.751";37.0
"2019-12-29T09:12:53.630";39.0
"2019-12-29T09:13:54.529";41.0
"2019-12-29T09:14:55.417";33.0
"2019-12-29T09:15:56.322";33.0
"2019-12-29T09:16:57.381";36.0
"2019-12-29T09:17:58.089";33.0
"2019-12-29T09:18:59.009";41.0
"2019-12-29T09:19:59.870";41.0
"2019-12-29T09:21:00.763";36.0
"2019-12-29T09:22:01.653";38.0
"2019-12-29T09:23:02.542";42.0
"2019-12-29T09:24:03.438";35.0
"2019-12-29T09:25:04.376";43.0
"2019-12-29T09:26:05.220";44.0
"2019-12-29T09:27:06.116";39.0
"2019-12-29T09:28:07.019";45.0
"2019-12-29T09:29:07.895";45.0
"2019-12-29T09:30:08.784";39.0
"2019-12-29T09:31:09.657";31.0
"2019-12-29T09:32:10.562";47.0
"2019-12-29T09:33:11.431";46.0
"2019-12-29T09:34:12.319";45.0
"2019-12-29T09:35:13.212";47.0
"2019-12-29T09:36:14.107";33.0
"2019-12-29T09:37:14.992";48.0
"2019-12-29T09:38:15.893";48.0
"2019-12-29T09:39:45.062";48.0
"2019-12-29T09:40:45.888";48.0
"2019-12-29T09:41:46.619";42.0
"2019-12-29T09:42:47.359";32.0
"2019-12-29T09:43:48.128";34.0
"2019-12-29T09:44:48.899";29.0
"2019-12-29T09:45:49.652";32.0
"2019-12-29T09:46:50.418";32.0
"2019-12-29T09:47:51.200";47.0
"2019-12-29T09:48:51.950";33.0
"2019-12-29T09:49:52.713";32.0
"2019-12-29T09:50:53.486";33.0
"2019-12-29T09:51:54.246";48.0
"2019-12-29T09:52:55.007";32.0
"2019-12-29T09:53:55.773";32.0
"2019-12-29T09:54:56.539";31.0
"2019-12-29T09:55:57.302";46.0
"2019-12-29T09:56:58.072";11.0
"2019-12-29T09:57:58.834";0.0
"2019-12-29T09:58:59.600";0.0
"2019-12-29T10:00:00.365";0.0
"2019-12-29T10:01:01.131";0.0
"2019-12-29T10:02:01.907";0.0
"2019-12-29T10:03:02.659";0.0
"2019-12-29T10:04:03.425";0.0
"2019-12-29T10:05:04.190";0.0
"2019-12-29T10:06:04.955";0.0
"2019-12-29T10:07:05.721";0.0
"2019-12-29T10:08:06.485";0.0
"2019-12-29T10:09:07.251";0.0
"2019-12-29T10:10:08.013";0.0
"2019-12-29T10:11:08.778";0.0
"2019-12-29T10:12:09.561";0.0
"2019-12-29T10:13:10.310";0.0
"2019-12-29T10:14:11.107";0.0
"2019-12-29T10:15:11.840";0.0
"2019-12-29T10:16:12.607";0.0
"2019-12-29T10:17:13.369";0.0
"2019-12-29T10:18:14.135";0.0
"2019-12-29T10:19:14.901";0.0
"2019-12-29T10:20:15.663";0.0
"2019-12-29T10:21:16.430";0.0
"2019-12-29T10:22:17.210";0.0
"2019-12-29T10:23:17.970";0.0
"2019-12-29T10:24:18.727";0.0
"2019-12-29T10:25:19.533";0.0
"2019-12-29T10:26:20.257";0.0
"2019-12-29T10:27:21.030";0.0
"2019-12-29T10:28:21.815";0.0
"2019-12-29T10:29:22.544";0.0
"2019-12-29T10:30:23.307";0.0
"2019-12-29T10:31:24.074";0.0
"2019-12-29T10:32:24.839";0.0
"2019-12-29T10:33:25.608";0.0
"2019-12-29T10:34:26.368";0.0
"2019-12-29T10:35:27.132";0.0
"2019-12-29T10:36:27.899";0.0
"2019-12-29T10:37:28.664";0.0
"2019-12-29T10:38:29.433";0.0
"2019-12-29T10:39:30.195";0.0
"2019-12-29T10:40:30.963";0.0
"2019-12-29T10:41:31.726";0.0
"2019-12-29T10:42:32.493";0.0
"2019-12-29T10:43:33.258";0.0
"2019-12-29T10:44:34.019";0.0
"2019-12-29T10:45:34.785";0.0
"2019-12-29T10:46:35.550";0.0
"2019-12-29T10:47:36.315";0.0
"2019-12-29T10:48:37.079";0.0
"2019-12-29T10:49:37.843";0.0
"2019-12-29T10:50:38.608";0.0
"2019-12-29T10:51:39.373";0.0
"2019-12-29T10:52:40.137";0.0
"2019-12-29T10:53:40.902";0.0
"2019-12-29T10:54:41.667";0.0
"2019-12-29T10:55:42.431";0.0
"2019-12-29T10:56:43.196";0.0
"2019-12-29T10:57:43.961";0.0
"2019-12-29T10:58:44.729";0.0
"2019-12-29T10:59:45.510";0.0
"2019-12-29T11:00:46.259";0.0
"2019-12-29T11:01:47.025";0.0
"2019-12-29T11:02:47.791";0.0
"2019-12-29T11:03:48.556";0.0
"2019-12-29T11:04:49.324";0.0
"2019-12-29T11:05:50.089";0.0
"2019-12-29T11:06:50.851";0.0
"2019-12-29T11:07:51.620";0.0
"2019-12-29T11:08:52.381";0.0
"2019-12-29T11:09:53.153";0.0
"2019-12-29T11:10:53.914";0.0
"2019-12-29T11:11:54.685";0.0
"2019-12-29T11:12:55.445";0.0
"2019-12-29T11:13:56.211";0.0
"2019-12-29T11:14:56.974";0.0
"2019-12-29T11:15:57.740";0.0
"2019-12-29T11:16:58.504";0.0
"2019-12-29T11:17:59.270";0.0
"2019-12-29T11:19:00.035";0.0
"2019-12-29T11:20:00.797";0.0
"2019-12-29T11:21:01.562";0.0
"2019-12-29T11:22:02.328";0.0
"2019-12-29T11:23:03.094";0.0
"2019-12-29T11:24:03.860";0.0
"2019-12-29T11:25:04.627";0.0
"2019-12-29T11:26:05.392";0.0
"2019-12-29T11:27:06.156";0.0
"2019-12-29T11:28:06.922";0.0
"2019-12-29T11:29:07.687";0.0
"2019-12-29T11:30:08.452";0.0
"2019-12-29T11:31:09.216";0.0
"2019-12-29T11:32:09.980";0.0
"2019-12-29T11:33:10.748";0.0
"2019-12-29T11:34:11.514";0.0
"2019-12-29T11:35:12.287";0.0
"2019-12-29T11:36:13.043";0.0
"2019-12-29T11:37:13.808";0.0
"2019-12-29T11:38:14.574";0.0
"2019-12-29T11:39:15.338";0.0
"2019-12-29T11:40:16.104";0.0
"2019-12-29T11:41:16.868";0.0
"2019-12-29T11:42:17.638";0.0
"2019-12-29T11:43:18.400";0.0
"2019-12-29T11:44:19.163";0.0
"2019-12-29T11:45:19.930";0.0
"2019-12-29T11:46:20.698";0.0
"2019-12-29T11:47:21.461";0.0
"2019-12-29T11:48:22.227";0.0
"2019-12-29T11:49:22.990";0.0
"2019-12-29T11:50:23.761";0.0
"2019-12-29T11:51:24.519";0.0
"2019-12-29T11:52:25.284";0.0
"2019-12-29T11:53:26.050";0.0
"2019-12-29T11:54:26.814";0.0
"2019-12-29T11:55:27.580";0.0
"2019-12-29T11:56:28.343";0.0
"2019-12-29T11:57:29.111";0.0
"2019-12-29T11:58:29.875";0.0
"2019-12-29T11:59:30.651";0.0
"2019-12-29T12:00:31.403";0.0
"2019-12-29T12:01:32.180";0.0
"2019-12-29T12:02:32.933";0.0
"2019-12-29T12:03:33.697";0.0
"2019-12-29T12:04:34.466";0.0
"2019-12-29T12:05:35.225";0.0
"2019-12-29T12:06:35.989";0.0
"2019-12-29T12:07:36.754";0.0
"2019-12-29T12:08:37.520";0.0
"2019-12-29T12:09:38.284";0.0
"2019-12-29T12:10:39.053";0.0
"2019-12-29T12:11:39.813";0.0
"2019-12-29T12:12:40.594";0.0
"2019-12-29T12:13:41.343";0.0
"2019-12-29T12:14:42.112";0.0
"2019-12-29T12:15:42.875";0.0
"2019-12-29T12:16:43.639";0.0
"2019-12-29T12:17:44.405";0.0
"2019-12-29T12:18:45.167";0.0
"2019-12-29T12:19:45.932";0.0
"2019-12-29T12:20:46.694";0.0
"2019-12-29T12:21:47.459";0.0
"2019-12-29T12:22:48.224";0.0
"2019-12-29T12:23:49.103";0.0
"2019-12-29T12:24:49.756";0.0
"2019-12-29T12:25:50.521";0.0
"2019-12-29T12:26:51.284";0.0
"2019-12-29T12:27:52.068";0.0
"2019-12-29T12:28:52.815";0.0
"2019-12-29T12:29:53.580";0.0
"2019-12-29T12:30:54.343";0.0
"2019-12-29T12:31:55.112";0.0
"2019-12-29T12:32:55.873";0.0
"2019-12-29T12:33:56.640";0.0
"2019-12-29T12:34:57.405";0.0
"2019-12-29T12:35:58.171";0.0
"2019-12-29T12:36:58.936";0.0
"2019-12-29T12:37:59.700";0.0
"2019-12-29T12:39:00.464";0.0
"2019-12-29T12:40:01.229";0.0
"2019-12-29T12:41:01.994";0.0
"2019-12-29T12:42:02.760";0.0
"2019-12-29T12:43:03.523";0.0
"2019-12-29T12:44:04.288";0.0
"2019-12-29T12:45:05.049";0.0
"2019-12-29T12:46:05.812";0.0
"2019-12-29T12:47:06.584";0.0
"2019-12-29T12:48:07.342";0.0
"2019-12-29T12:49:08.102";0.0
"2019-12-29T12:50:08.871";0.0
"2019-12-29T12:51:09.630";0.0
"2019-12-29T12:52:10.395";0.0
"2019-12-29T12:53:11.166";0.0
"2019-12-29T12:54:11.924";0.0
"2019-12-29T12:55:12.689";0.0
"2019-12-29T12:56:13.454";0.0
"2019-12-29T12:57:14.222";0.0
"2019-12-29T12:58:14.989";0.0
"2019-12-29T12:59:15.749";0.0
"2019-12-29T13:00:16.515";0.0
"2019-12-29T13:01:17.281";0.0
"2019-12-29T13:02:18.046";0.0
"2019-12-29T13:03:18.811";0.0
"2019-12-29T13:04:19.578";0.0
"2019-12-29T13:05:20.340";0.0
"2019-12-29T13:06:21.105";0.0
"2019-12-29T13:07:21.872";0.0
"2019-12-29T13:08:22.637";0.0
"2019-12-29T13:09:23.402";0.0
"2019-12-29T13:10:24.167";0.0
"2019-12-29T13:11:24.933";0.0
"2019-12-29T13:12:25.698";0.0
"2019-12-29T13:13:26.468";0.0
"2019-12-29T13:14:27.228";0.0
"2019-12-29T13:15:27.995";0.0
"2019-12-29T13:16:28.765";0.0
"2019-12-29T13:17:29.524";0.0
"2019-12-29T13:18:30.292";0.0
"2019-12-29T13:19:31.054";0.0
"2019-12-29T13:20:31.818";0.0
"2019-12-29T13:21:32.583";0.0
"2019-12-29T13:22:33.351";0.0
"2019-12-29T13:23:34.113";0.0
"2019-12-29T13:24:34.878";0.0
"2019-12-29T13:25:35.643";0.0
"2019-12-29T13:26:36.408";0.0
"2019-12-29T13:27:37.174";0.0
"2019-12-29T13:28:37.941";0.0
"2019-12-29T13:29:38.703";0.0
"2019-12-29T13:30:39.468";0.0
"2019-12-29T13:31:40.233";0.0
"2019-12-29T13:32:41.002";0.0
"2019-12-29T13:33:41.765";0.0
"2019-12-29T13:34:42.529";0.0
"2019-12-29T13:35:43.299";0.0
"2019-12-29T13:36:44.059";0.0
"2019-12-29T13:37:44.827";0.0
"2019-12-29T13:38:45.593";0.0
"2019-12-29T13:39:46.354";0.0
"2019-12-29T13:40:47.134";0.0
"2019-12-29T13:41:47.881";0.0
"2019-12-29T13:42:48.645";0.0
"2019-12-29T13:43:49.410";0.0
"2019-12-29T13:44:50.175";0.0
"2019-12-29T13:45:50.944";0.0
"2019-12-29T13:46:51.705";0.0
"2019-12-29T13:47:52.478";0.0
"2019-12-29T13:48:53.238";0.0
"2019-12-29T13:49:54.003";0.0
"2019-12-29T13:50:54.770";0.0
"2019-12-29T13:51:55.547";0.0
"2019-12-29T13:52:56.300";0.0
"2019-12-29T13:53:57.064";0.0
"2019-12-29T13:54:57.829";0.0
"2019-12-29T13:55:58.595";0.0
"2019-12-29T13:56:59.360";0.0
"2019-12-29T13:58:00.127";0.0
"2019-12-29T13:59:00.890";0.0
"2019-12-29T14:00:01.657";0.0
"2019-12-29T14:01:02.420";0.0
"2019-12-29T14:02:03.184";0.0
"2019-12-29T14:03:03.950";0.0
"2019-12-29T14:04:04.715";0.0
"2019-12-29T14:05:05.481";0.0
"2019-12-29T14:06:06.247";0.0
"2019-12-29T14:07:07.015";0.0
"2019-12-29T14:08:07.776";0.0
"2019-12-29T14:09:08.540";0.0
"2019-12-29T14:10:09.305";0.0
"2019-12-29T14:11:10.070";0.0
"2019-12-29T14:12:10.833";0.0
"2019-12-29T14:13:11.599";0.0
"2019-12-29T14:14:12.364";0.0
"2019-12-29T14:15:13.129";0.0
"2019-12-29T14:16:13.894";0.0
"2019-12-29T14:17:14.664";0.0
"2019-12-29T14:18:15.425";0.0
"2019-12-29T14:19:16.194";0.0
"2019-12-29T14:20:16.955";0.0
"2019-12-29T14:21:17.724";0.0
"2019-12-29T14:22:18.486";0.0
"2019-12-29T14:23:19.257";0.0
"2019-12-29T14:24:20.019";0.0
"2019-12-29T14:25:20.782";0.0
"2019-12-29T14:26:21.547";0.0
"2019-12-29T14:27:22.312";0.0
"2019-12-29T14:28:23.079";0.0
"2019-12-29T14:29:23.842";0.0
"2019-12-29T14:30:24.608";0.0
"2019-12-29T14:31:25.371";0.0
"2019-12-29T14:32:26.136";0.0
"2019-12-29T14:33:26.905";0.0
"2019-12-29T14:34:27.670";0.0
"2019-12-29T14:35:28.431";0.0
"2019-12-29T14:36:29.199";0.0
"2019-12-29T14:37:29.961";0.0
"2019-12-29T14:38:30.728";0.0
"2019-12-29T14:39:31.498";0.0
"2019-12-29T14:40:32.259";0.0
"2019-12-29T14:42:23.779";0.0
"2019-12-29T14:43:24.664";0.0
"2019-12-29T14:44:25.547";0.0
"2019-12-29T14:45:26.433";0.0
"2019-12-29T14:46:27.316";0.0
"2019-12-29T14:47:28.199";0.0
"2019-12-29T14:48:29.086";0.0
"2019-12-29T14:49:29.974";0.0
"2019-12-29T14:50:30.859";0.0
"2019-12-29T14:51:31.751";0.0
"2019-12-29T14:52:32.626";0.0
"2019-12-29T14:53:33.515";0.0
"2019-12-29T14:54:34.403";0.0
"2019-12-29T14:56:31.998";0.0
"2019-12-29T14:57:32.763";0.0
"2019-12-29T14:58:33.527";0.0
"2019-12-29T14:59:34.293";0.0
"2019-12-29T15:00:35.058";0.0
"2019-12-29T15:01:35.824";0.0
"2019-12-29T15:02:36.590";0.0
"2019-12-29T15:03:37.359";0.0
"2019-12-29T15:04:38.115";0.0
"2019-12-29T15:05:38.880";0.0
"2019-12-29T15:06:39.651";0.0
"2019-12-29T15:07:40.413";0.0
"2019-12-29T15:08:41.176";0.0
"2019-12-29T15:09:41.944";0.0
"2019-12-29T15:10:42.705";0.0
"2019-12-29T15:11:43.470";0.0
"2019-12-29T15:12:44.237";0.0
"2019-12-29T15:13:45.004";0.0
"2019-12-29T15:14:45.769";0.0
"2019-12-29T15:15:46.535";0.0
"2019-12-29T15:16:47.299";0.0
"2019-12-29T15:17:48.064";0.0
"2019-12-29T15:18:48.827";0.0
"2019-12-29T15:19:49.591";0.0
"2019-12-29T15:20:50.356";0.0
"2019-12-29T15:21:51.124";0.0
"2019-12-29T15:22:51.887";0.0
"2019-12-29T15:23:52.652";0.0
"2019-12-29T15:24:53.416";0.0
"2019-12-29T15:25:54.181";0.0
"2019-12-29T15:26:54.945";0.0
"2019-12-29T15:27:55.713";0.0
"2019-12-29T15:28:56.479";0.0
"2019-12-29T15:29:57.243";0.0
"2019-12-29T15:30:58.008";0.0
"2019-12-29T15:31:58.773";0.0
"2019-12-29T15:32:59.537";0.0
"2019-12-29T15:34:00.303";0.0
"2019-12-29T15:35:01.069";0.0
"2019-12-29T15:36:01.838";0.0
"2019-12-29T15:37:02.597";0.0
"2019-12-29T15:38:03.365";0.0
"2019-12-29T15:39:04.126";0.0
"2019-12-29T15:40:04.895";0.0
"2019-12-29T15:41:05.661";0.0
"2019-12-29T15:42:06.430";0.0
"2019-12-29T15:43:07.191";0.0
"2019-12-29T15:44:07.957";0.0
"2019-12-29T15:45:08.723";0.0
"2019-12-29T15:46:09.489";0.0
"2019-12-29T15:47:10.250";0.0
"2019-12-29T15:48:11.016";0.0
"2019-12-29T15:49:11.781";0.0
"2019-12-29T15:50:12.544";0.0
"2019-12-29T15:51:13.309";0.0
"2019-12-29T15:52:14.074";0.0
"2019-12-29T15:53:14.860";0.0
"2019-12-29T15:54:15.604";0.0
"2019-12-29T15:55:16.370";0.0
"2019-12-29T15:56:17.134";0.0
"2019-12-29T15:57:17.899";0.0
"2019-12-29T15:58:18.666";0.0
"2019-12-29T15:59:19.432";0.0
"2019-12-29T16:00:20.197";0.0
"2019-12-29T16:01:20.960";0.0
"2019-12-29T16:02:21.724";0.0
"2019-12-29T16:03:22.489";0.0
"2019-12-29T16:04:23.255";0.0
"2019-12-29T16:05:24.022";0.0
"2019-12-29T16:06:24.785";0.0
"2019-12-29T16:07:25.550";0.0
"2019-12-29T16:08:26.320";0.0
"2019-12-29T16:09:27.082";0.0
"2019-12-29T16:10:27.850";0.0
"2019-12-29T16:11:28.612";0.0
"2019-12-29T16:12:29.377";0.0
"2019-12-29T16:13:30.141";0.0
"2019-12-29T16:14:30.923";0.0
"2019-12-29T16:15:31.672";0.0
"2019-12-29T16:16:32.437";0.0
"2019-12-29T16:17:33.201";0.0
"2019-12-29T16:18:33.967";0.0
"2019-12-29T16:19:34.730";0.0
"2019-12-29T16:20:35.496";0.0
"2019-12-29T16:21:36.260";0.0
"2019-12-29T16:22:37.025";0.0
"2019-12-29T16:23:37.790";0.0
"2019-12-29T16:24:38.559";0.0
"2019-12-29T16:25:39.325";0.0
"2019-12-29T16:26:40.086";0.0
"2019-12-29T16:27:40.853";0.0
"2019-12-29T16:28:41.622";0.0
"2019-12-29T16:29:42.380";0.0
"2019-12-29T16:30:43.148";0.0
"2019-12-29T16:31:43.912";0.0
"2019-12-29T16:32:44.677";0.0
"2019-12-29T16:33:45.444";0.0
"2019-12-29T16:34:46.205";0.0
"2019-12-29T16:35:46.970";0.0
"2019-12-29T16:36:47.735";0.0
"2019-12-29T16:37:48.498";0.0
"2019-12-29T16:38:49.261";0.0
"2019-12-29T16:39:50.026";0.0
"2019-12-29T16:40:50.790";0.0
"2019-12-29T16:41:51.556";0.0
"2019-12-29T16:42:52.323";0.0
"2019-12-29T16:43:53.090";0.0
"2019-12-29T16:44:53.852";0.0
"2019-12-29T16:45:54.616";0.0
"2019-12-29T16:46:55.383";0.0
"2019-12-29T16:47:56.144";0.0
"2019-12-29T16:48:56.919";0.0
"2019-12-29T16:49:57.670";0.0
"2019-12-29T16:50:58.435";0.0
"2019-12-29T16:51:59.201";0.0
"2019-12-29T16:52:59.967";0.0
"2019-12-29T16:54:00.740";0.0
"2019-12-29T16:55:01.496";0.0
"2019-12-29T16:56:02.260";0.0
"2019-12-29T16:57:03.025";0.0
"2019-12-29T16:58:03.790";0.0
"2019-12-29T16:59:04.554";0.0
"2019-12-29T17:00:05.320";0.0
"2019-12-29T17:01:06.092";0.0
"2019-12-29T17:02:06.846";0.0
"2019-12-29T17:03:07.608";0.0
"2019-12-29T17:04:08.368";0.0
"2019-12-29T17:05:09.132";0.0
"2019-12-29T17:06:09.898";0.0
"2019-12-29T17:07:10.662";0.0
"2019-12-29T17:08:11.428";0.0
"2019-12-29T17:09:12.193";0.0
"2019-12-29T17:10:12.956";0.0
"2019-12-29T17:11:13.719";0.0
"2019-12-29T17:12:14.482";0.0
"2019-12-29T17:13:15.255";0.0
"2019-12-29T17:14:16.006";0.0
"2019-12-29T17:15:16.771";0.0
"2019-12-29T17:16:17.538";0.0
"2019-12-29T17:17:18.309";0.0
"2019-12-29T17:18:19.067";0.0
"2019-12-29T17:19:19.835";0.0
"2019-12-29T17:20:20.595";0.0
"2019-12-29T17:21:21.369";0.0
"2019-12-29T17:22:22.131";0.0
"2019-12-29T17:23:22.885";0.0
"2019-12-29T17:24:23.649";0.0
"2019-12-29T17:25:24.412";0.0
"2019-12-29T17:26:25.177";0.0
"2019-12-29T17:27:25.940";0.0
"2019-12-29T17:28:26.705";0.0
"2019-12-29T17:29:27.469";0.0
"2019-12-29T17:30:28.236";0.0
"2019-12-29T17:31:28.998";0.0
"2019-12-29T17:32:29.762";0.0
"2019-12-29T17:33:30.527";0.0
"2019-12-29T17:34:31.291";0.0
"2019-12-29T17:35:32.061";0.0
"2019-12-29T17:36:32.823";0.0
"2019-12-29T17:37:33.587";0.0
"2019-12-29T17:38:34.353";0.0
"2019-12-29T17:39:35.118";0.0
"2019-12-29T17:40:35.881";0.0
"2019-12-29T17:41:36.647";0.0
"2019-12-29T17:42:37.411";0.0
"2019-12-29T17:43:38.183";0.0
"2019-12-29T17:44:38.938";0.0
"2019-12-29T17:45:39.704";0.0
"2019-12-29T17:46:40.467";0.0
"2019-12-29T17:47:41.232";0.0
"2019-12-29T17:48:41.997";0.0
"2019-12-29T17:49:42.761";0.0
"2019-12-29T17:50:43.526";0.0
"2019-12-29T17:51:44.292";0.0
"2019-12-29T17:52:45.055";0.0
"2019-12-29T17:53:45.821";0.0
"2019-12-29T17:54:46.587";0.0
"2019-12-29T17:55:47.351";0.0
"2019-12-29T17:56:48.114";0.0
"2019-12-29T17:57:48.878";0.0
"2019-12-29T17:58:49.646";0.0
"2019-12-29T17:59:50.409";0.0
"2019-12-29T18:00:51.173";0.0
"2019-12-29T18:01:51.937";0.0
"2019-12-29T18:02:52.702";0.0
"2019-12-29T18:03:53.474";0.0
"2019-12-29T18:04:54.232";0.0
"2019-12-29T18:05:54.997";0.0
"2019-12-29T18:06:55.764";0.0
"2019-12-29T18:07:56.530";0.0
"2019-12-29T18:08:57.297";0.0
"2019-12-29T18:09:58.065";0.0
"2019-12-29T18:10:58.824";0.0
"2019-12-29T18:11:59.587";0.0
"2019-12-29T18:13:00.352";0.0
"2019-12-29T18:14:01.122";0.0
"2019-12-29T18:15:01.882";0.0
"2019-12-29T18:16:02.646";0.0
"2019-12-29T18:17:03.411";0.0
"2019-12-29T18:18:04.175";0.0
"2019-12-29T18:19:04.940";0.0
"2019-12-29T18:20:05.705";0.0
"2019-12-29T18:21:06.469";0.0
"2019-12-29T18:22:07.233";0.0
"2019-12-29T18:23:07.999";0.0
"2019-12-29T18:24:08.767";0.0
"2019-12-29T18:25:09.530";0.0
"2019-12-29T18:26:10.296";0.0
"2019-12-29T18:27:11.059";0.0
"2019-12-29T18:28:11.823";0.0
"2019-12-29T18:29:12.589";0.0
"2019-12-29T18:30:13.353";0.0
"2019-12-29T18:31:14.117";0.0
"2019-12-29T18:32:14.889";0.0
"2019-12-29T18:33:15.651";0.0
"2019-12-29T18:34:16.419";0.0
"2019-12-29T18:35:17.181";0.0
"2019-12-29T18:36:17.950";0.0
"2019-12-29T18:37:18.710";0.0
"2019-12-29T18:38:19.477";0.0
"2019-12-29T18:39:20.243";0.0
"2019-12-29T18:40:21.008";0.0
"2019-12-29T18:41:21.774";0.0
"2019-12-29T18:42:22.547";0.0
"2019-12-29T18:43:23.303";0.0
"2019-12-29T18:44:24.069";0.0
"2019-12-29T18:45:24.836";0.0
"2019-12-29T18:46:25.601";0.0
"2019-12-29T18:47:26.364";0.0
"2019-12-29T18:48:27.129";0.0
"2019-12-29T18:49:27.896";0.0
"2019-12-29T18:50:28.661";0.0
"2019-12-29T18:51:29.426";0.0
"2019-12-29T18:52:30.190";0.0
"2019-12-29T18:53:30.961";0.0
"2019-12-29T18:54:31.720";0.0
"2019-12-29T18:55:32.486";0.0
"2019-12-29T18:56:33.254";0.0
"2019-12-29T18:57:34.014";0.0
"2019-12-29T18:58:34.778";0.0
"2019-12-29T18:59:35.543";0.0
"2019-12-29T19:00:36.309";0.0
"2019-12-29T19:01:37.075";0.0
"2019-12-29T19:02:37.838";0.0
"2019-12-29T19:03:38.606";0.0
"2019-12-29T19:04:39.367";0.0
"2019-12-29T19:05:40.135";0.0
"2019-12-29T19:06:40.899";0.0
"2019-12-29T19:07:41.665";0.0
"2019-12-29T19:08:42.425";0.0
"2019-12-29T19:09:43.190";0.0
"2019-12-29T19:10:43.952";0.0
"2019-12-29T19:11:44.718";0.0
"2019-12-29T19:12:45.483";0.0
"2019-12-29T19:13:46.247";0.0
"2019-12-29T19:14:47.012";0.0
"2019-12-29T19:15:47.776";0.0
"2019-12-29T19:16:48.544";0.0
"2019-12-29T19:17:49.308";0.0
"2019-12-29T19:18:50.076";0.0
"2019-12-29T19:19:50.841";0.0
"2019-12-29T19:20:51.603";0.0
"2019-12-29T19:21:52.368";0.0
"2019-12-29T19:22:53.133";0.0
"2019-12-29T19:23:53.898";0.0
"2019-12-29T19:24:54.665";0.0
"2019-12-29T19:25:55.427";0.0
"2019-12-29T19:26:56.192";0.0
"2019-12-29T19:27:56.957";0.0
"2019-12-29T19:28:57.720";0.0
"2019-12-29T19:29:58.498";0.0
"2019-12-29T19:30:59.256";0.0
"2019-12-29T19:32:00.018";0.0
"2019-12-29T19:33:00.781";0.0
"2019-12-29T19:34:01.545";0.0
"2019-12-29T19:35:02.309";0.0
"2019-12-29T19:36:03.074";0.0
"2019-12-29T19:37:03.840";0.0
"2019-12-29T19:38:04.604";0.0
"2019-12-29T19:39:05.368";0.0
"2019-12-29T19:40:06.131";0.0
"2019-12-29T19:41:06.902";0.0
"2019-12-29T19:42:07.663";0.0
"2019-12-29T19:43:08.466";0.0
"2019-12-29T19:44:09.190";0.0
"2019-12-29T19:45:09.956";0.0
"2019-12-29T19:46:10.727";0.0
"2019-12-29T19:47:11.487";0.0
"2019-12-29T19:48:12.251";0.0
"2019-12-29T19:49:13.013";0.0
"2019-12-29T19:50:13.777";0.0
"2019-12-29T19:51:14.543";0.0
"2019-12-29T19:52:15.309";0.0
"2019-12-29T19:53:16.075";0.0
"2019-12-29T19:54:16.840";0.0
"2019-12-29T19:55:17.606";0.0
"2019-12-29T19:56:18.372";0.0
"2019-12-29T19:57:19.137";0.0
"2019-12-29T19:58:19.904";0.0
"2019-12-29T19:59:20.668";0.0
"2019-12-29T20:00:21.432";0.0
"2019-12-29T20:01:22.198";0.0
"2019-12-29T20:02:22.962";0.0
"2019-12-29T20:03:23.726";0.0
"2019-12-29T20:04:24.491";0.0
"2019-12-29T20:05:25.254";0.0
"2019-12-29T20:06:26.019";0.0
"2019-12-29T20:07:26.782";0.0
"2019-12-29T20:08:27.547";0.0
"2019-12-29T20:09:28.313";0.0
"2019-12-29T20:10:29.078";0.0
"2019-12-29T20:11:29.845";0.0
"2019-12-29T20:12:30.612";0.0
"2019-12-29T20:13:31.375";0.0
"2019-12-29T20:14:32.140";0.0
"2019-12-29T20:15:32.905";0.0
"2019-12-29T20:16:33.670";0.0
"2019-12-29T20:17:34.435";0.0
"2019-12-29T20:18:35.197";0.0
"2019-12-29T20:19:35.964";0.0
"2019-12-29T20:20:36.728";0.0
"2019-12-29T20:21:37.494";0.0
"2019-12-29T20:22:38.257";0.0
"2019-12-29T20:23:39.021";0.0
"2019-12-29T20:24:39.785";0.0
"2019-12-29T20:25:40.550";0.0
"2019-12-29T20:26:41.313";0.0
"2019-12-29T20:27:42.078";0.0
"2019-12-29T20:28:42.844";0.0
"2019-12-29T20:29:43.606";0.0
"2019-12-29T20:30:44.372";0.0
"2019-12-29T20:31:45.138";0.0
"2019-12-29T20:32:45.901";0.0
"2019-12-29T20:33:46.666";0.0
"2019-12-29T20:34:47.428";0.0
"2019-12-29T20:35:48.194";0.0
"2019-12-29T20:36:48.961";0.0
"2019-12-29T20:37:49.724";0.0
"2019-12-29T20:38:50.490";0.0
"2019-12-29T20:39:51.256";0.0
"2019-12-29T20:40:52.023";0.0
"2019-12-29T20:41:52.784";0.0
"2019-12-29T20:42:53.548";0.0
"2019-12-29T20:43:54.313";0.0
"2019-12-29T20:44:55.076";0.0
"2019-12-29T20:45:55.842";0.0
"2019-12-29T20:46:56.608";0.0
"2019-12-29T20:47:57.374";0.0
"2019-12-29T20:48:58.139";0.0
"2019-12-29T20:49:58.905";0.0
"2019-12-29T20:50:59.668";0.0
"2019-12-29T20:52:00.434";0.0
"2019-12-29T20:53:01.198";0.0
"2019-12-29T20:54:01.964";0.0
"2019-12-29T20:55:02.727";0.0
"2019-12-29T20:56:03.492";0.0
"2019-12-29T20:57:04.256";0.0
"2019-12-29T20:58:05.021";0.0
"2019-12-29T20:59:05.786";0.0
"2019-12-29T21:00:06.552";0.0
"2019-12-29T21:01:07.314";0.0
"2019-12-29T21:02:08.084";0.0
"2019-12-29T21:03:08.844";0.0
"2019-12-29T21:04:09.610";0.0
"2019-12-29T21:05:10.374";0.0
"2019-12-29T21:06:11.140";0.0
"2019-12-29T21:07:11.904";0.0
"2019-12-29T21:08:12.670";0.0
"2019-12-29T21:09:13.429";0.0
"2019-12-29T21:10:14.195";0.0
"2019-12-29T21:11:15.067";0.0
"2019-12-29T21:12:15.725";0.0
"2019-12-29T21:13:16.487";0.0
"2019-12-29T21:14:17.251";0.0
"2019-12-29T21:15:18.017";0.0
"2019-12-29T21:16:18.781";0.0
"2019-12-29T21:17:19.547";0.0
"2019-12-29T21:18:20.309";0.0
"2019-12-29T21:19:21.072";0.0
"2019-12-29T21:20:21.839";0.0
"2019-12-29T21:21:22.603";0.0
"2019-12-29T21:22:23.368";0.0
"2019-12-29T21:23:24.130";0.0
"2019-12-29T21:24:24.896";0.0
"2019-12-29T21:25:25.662";0.0
"2019-12-29T21:26:26.427";0.0
"2019-12-29T21:27:27.192";0.0
"2019-12-29T21:28:27.957";0.0
"2019-12-29T21:29:28.721";0.0
"2019-12-29T21:30:29.485";0.0
"2019-12-29T21:31:30.249";0.0
"2019-12-29T21:32:31.018";0.0
"2019-12-29T21:33:31.780";0.0
"2019-12-29T21:34:32.545";0.0
"2019-12-29T21:35:33.309";0.0
"2019-12-29T21:36:34.074";0.0
"2019-12-29T21:37:34.837";0.0
"2019-12-29T21:38:35.602";0.0
"2019-12-29T21:39:36.368";0.0
"2019-12-29T21:40:37.131";0.0
"2019-12-29T21:41:37.896";0.0
"2019-12-29T21:42:38.662";0.0
"2019-12-29T21:43:39.426";0.0
"2019-12-29T21:44:40.190";0.0
"2019-12-29T21:45:40.955";0.0
"2019-12-29T21:46:41.721";0.0
"2019-12-29T21:47:42.485";0.0
"2019-12-29T21:48:43.251";0.0
"2019-12-29T21:49:44.021";0.0
"2019-12-29T21:50:44.781";0.0
"2019-12-29T21:51:45.546";0.0
"2019-12-29T21:52:46.312";0.0
"2019-12-29T21:53:47.079";0.0
"2019-12-29T21:54:47.840";0.0
"2019-12-29T21:55:48.605";0.0
"2019-12-29T21:56:49.370";0.0
"2019-12-29T21:57:50.135";0.0
"2019-12-29T21:58:50.900";0.0
"2019-12-29T21:59:51.666";0.0
"2019-12-29T22:00:52.432";0.0
"2019-12-29T22:01:53.197";0.0
"2019-12-29T22:02:53.962";0.0
"2019-12-29T22:03:54.726";0.0
"2019-12-29T22:04:55.490";0.0
"2019-12-29T22:05:56.256";0.0
"2019-12-29T22:06:57.020";0.0
"2019-12-29T22:07:57.786";0.0
"2019-12-29T22:08:58.551";0.0
"2019-12-29T22:09:59.316";0.0
"2019-12-29T22:11:00.091";0.0
"2019-12-29T22:12:00.846";0.0
"2019-12-29T22:13:01.613";0.0
"2019-12-29T22:14:02.381";0.0
"2019-12-29T22:15:03.149";0.0
"2019-12-29T22:16:03.912";0.0
"2019-12-29T22:17:04.678";0.0
"2019-12-29T22:18:05.450";0.0
"2019-12-29T22:19:06.216";0.0
"2019-12-29T22:20:06.974";0.0
"2019-12-29T22:21:07.738";0.0
"2019-12-29T22:22:08.503";0.0
"2019-12-29T22:23:09.268";0.0
"2019-12-29T22:24:10.032";0.0
"2019-12-29T22:25:10.801";0.0
"2019-12-29T22:26:11.562";0.0
"2019-12-29T22:27:12.328";0.0
"2019-12-29T22:28:13.095";0.0
"2019-12-29T22:29:13.859";0.0
"2019-12-29T22:30:14.631";0.0
"2019-12-29T22:31:15.390";0.0
"2019-12-29T22:32:16.156";0.0
"2019-12-29T22:33:16.919";0.0
"2019-12-29T22:34:17.685";0.0
"2019-12-29T22:35:18.448";0.0
"2019-12-29T22:36:19.215";0.0
"2019-12-29T22:37:19.979";0.0
"2019-12-29T22:38:20.745";0.0
"2019-12-29T22:39:21.510";0.0
"2019-12-29T22:40:22.275";0.0
"2019-12-29T22:41:23.043";0.0
"2019-12-29T22:42:23.805";0.0
"2019-12-29T22:43:24.570";0.0
"2019-12-29T22:44:25.335";0.0
"2019-12-29T22:45:26.100";0.0
"2019-12-29T22:46:26.864";0.0
"2019-12-29T22:47:27.629";0.0
"2019-12-29T22:48:28.394";0.0
"2019-12-29T22:49:29.160";0.0
"2019-12-29T22:50:29.925";0.0
"2019-12-29T22:51:30.694";0.0
"2019-12-29T22:52:31.454";0.0
"2019-12-29T22:53:32.218";0.0
"2019-12-29T22:54:32.983";0.0
"2019-12-29T22:55:33.750";0.0
"2019-12-29T22:56:34.514";0.0
"2019-12-29T22:57:35.279";0.0
"2019-12-29T22:58:36.049";0.0
"2019-12-29T22:59:36.811";0.0
"2019-12-29T23:00:37.578";0.0
"2019-12-29T23:01:38.342";0.0
"2019-12-29T23:02:39.112";0.0
"2019-12-29T23:03:39.868";0.0
"2019-12-29T23:04:40.632";0.0
"2019-12-29T23:05:41.404";0.0
"2019-12-29T23:06:42.161";0.0
"2019-12-29T23:07:42.925";0.0
"2019-12-29T23:08:43.689";0.0
"2019-12-29T23:09:44.454";0.0
"2019-12-29T23:10:45.219";0.0
"2019-12-29T23:11:45.984";0.0
"2019-12-29T23:12:46.748";0.0
"2019-12-29T23:13:47.519";0.0
"2019-12-29T23:14:48.280";0.0
"2019-12-29T23:15:49.044";0.0
"2019-12-29T23:16:49.809";0.0
"2019-12-29T23:17:50.578";0.0
"2019-12-29T23:18:51.338";0.0
"2019-12-29T23:19:52.101";0.0
"2019-12-29T23:20:52.865";0.0
"2019-12-29T23:21:53.629";0.0
"2019-12-29T23:22:54.393";0.0
"2019-12-29T23:23:55.157";0.0
"2019-12-29T23:24:55.921";0.0
"2019-12-29T23:25:56.694";0.0
"2019-12-29T23:26:57.452";0.0
"2019-12-29T23:27:58.214";0.0
"2019-12-29T23:28:58.981";0.0
"2019-12-29T23:29:59.745";0.0
"2019-12-29T23:31:00.512";0.0
"2019-12-29T23:32:01.274";0.0
"2019-12-29T23:33:52.802";0.0
"2019-12-29T23:34:53.685";0.0
"2019-12-29T23:35:54.575";0.0
"2019-12-29T23:36:55.454";0.0
"2019-12-29T23:37:56.340";0.0
"2019-12-29T23:38:57.228";0.0
"2019-12-29T23:39:58.113";0.0
"2019-12-29T23:40:59.000";0.0
"2019-12-29T23:41:59.885";0.0
"2019-12-29T23:43:00.780";0.0
"2019-12-29T23:44:01.655";0.0
"2019-12-29T23:45:02.545";0.0
"2019-12-29T23:46:03.434";0.0
"2019-12-29T23:47:04.316";0.0
"2019-12-29T23:48:05.202";0.0
"2019-12-29T23:49:06.092";0.0
"2019-12-29T23:50:06.980";0.0
"2019-12-29T23:51:07.869";0.0
"2019-12-29T23:52:08.759";0.0
"2019-12-29T23:53:09.647";0.0
"2019-12-29T23:54:10.534";0.0
"2019-12-29T23:55:11.423";0.0
"2019-12-29T23:56:12.307";0.0
"2019-12-29T23:57:13.194";0.0
"2019-12-29T23:58:14.083";0.0
"2019-12-29T23:59:14.977";0.0
"2019-12-30T00:00:15.859";0.0
"2019-12-30T00:01:16.746";0.0
"2019-12-30T00:02:17.634";0.0
"2019-12-30T00:03:18.521";0.0
"2019-12-30T00:04:19.405";16.0
"2019-12-30T00:05:20.294";0.0
"2019-12-30T00:06:21.177";0.0
"2019-12-30T00:07:22.062";0.0
"2019-12-30T00:08:22.948";0.0
"2019-12-30T00:09:23.836";0.0
"2019-12-30T00:10:24.722";0.0
"2019-12-30T00:11:25.611";10.0
"2019-12-30T00:12:26.498";22.0
"2019-12-30T00:13:27.389";39.0
"2019-12-30T00:14:28.274";31.0
"2019-12-30T00:15:29.170";50.0
"2019-12-30T00:16:30.056";46.0
"2019-12-30T00:17:30.947";9.0
"2019-12-30T00:18:31.835";17.0
"2019-12-30T00:19:32.720";0.0
"2019-12-30T00:20:33.608";0.0
"2019-12-30T00:21:34.494";0.0
"2019-12-30T00:22:35.381";0.0
"2019-12-30T00:23:36.270";0.0
"2019-12-30T00:24:37.158";0.0
"2019-12-30T00:25:38.045";0.0
"2019-12-30T00:26:38.935";0.0
"2019-12-30T00:27:39.818";0.0
"2019-12-30T00:28:40.705";0.0
"2019-12-30T00:29:41.591";0.0
"2019-12-30T00:30:42.478";0.0
"2019-12-30T00:31:43.362";0.0
"2019-12-30T00:32:44.250";0.0
"2019-12-30T00:33:45.141";0.0
"2019-12-30T00:34:46.030";0.0
"2019-12-30T00:35:46.918";0.0
"2019-12-30T00:36:47.809";0.0
"2019-12-30T00:37:48.695";0.0
"2019-12-30T00:38:49.584";0.0
"2019-12-30T00:39:50.470";0.0
"2019-12-30T00:40:51.356";0.0
"2019-12-30T00:41:52.244";0.0
"2019-12-30T00:42:53.134";0.0
"2019-12-30T00:43:54.022";0.0
"2019-12-30T00:44:54.913";0.0
"2019-12-30T00:45:55.800";0.0
"2019-12-30T00:46:56.689";0.0
"2019-12-30T00:47:57.582";0.0
"2019-12-30T00:48:58.467";0.0
"2019-12-30T00:49:59.356";0.0
"2019-12-30T00:51:00.244";0.0
"2019-12-30T00:52:01.133";0.0
"2019-12-30T00:53:02.022";0.0
"2019-12-30T00:54:02.911";0.0
"2019-12-30T00:55:03.796";0.0
"2019-12-30T00:56:04.684";0.0
"2019-12-30T00:57:05.571";0.0
"2019-12-30T00:58:06.462";0.0
"2019-12-30T00:59:07.350";0.0
"2019-12-30T01:00:08.243";0.0
"2019-12-30T01:01:09.129";0.0
"2019-12-30T01:02:18.019";0.0
"2019-12-30T01:03:18.783";0.0
"2019-12-30T01:04:19.548";0.0
"2019-12-30T01:05:20.312";0.0
"2019-12-30T01:06:21.081";0.0
"2019-12-30T01:07:21.844";0.0
"2019-12-30T01:08:22.608";0.0
"2019-12-30T01:09:22.840";0.0
"2019-12-30T01:10:23.835";0.0
"2019-12-30T01:11:24.762";6.0
"2019-12-30T01:12:25.757";35.0
"2019-12-30T01:13:26.686";45.0
"2019-12-30T01:14:27.681";42.0
"2019-12-30T01:15:28.610";22.0
"2019-12-30T01:16:29.605";44.0
"2019-12-30T01:17:30.534";53.0
"2019-12-30T01:18:31.529";47.0
"2019-12-30T01:19:32.458";40.0
"2019-12-30T01:20:33.453";54.0
"2019-12-30T01:21:34.383";51.0
"2019-12-30T01:22:35.380";36.0
"2019-12-30T01:23:36.306";45.0
"2019-12-30T01:24:37.305";29.0
"2019-12-30T01:25:38.231";35.0
"2019-12-30T01:26:39.227";38.0
"2019-12-30T01:27:40.155";62.0
"2019-12-30T01:28:41.152";93.0
"2019-12-30T01:29:42.079";89.0
"2019-12-30T01:30:43.078";90.0
"2019-12-30T01:31:44.002";81.0
"2019-12-30T01:32:44.998";131.0
"2019-12-30T01:33:45.938";135.0
"2019-12-30T01:34:46.925";110.0
"2019-12-30T01:35:47.852";154.0
"2019-12-30T01:36:48.847";138.0
